offense,group
9024J2: OUI--LIQUOR c90 §24(1)(a)(1),OUI
"8990: STOP/YIELD, FAIL TO * c89 §9",Fail to stop/yield/slow/signal
9017A0: SPEEDING * c90 §17,Speeding
9024O0: RECKLESS OPERATION OF MOTOR VEHICLE c90 §24(2)(a),Reckless Driving
"8940: KEEP RIGHT ON HILL/OBSTRUCTED VIEW, FL * c89 §4",Traffic Violation
9011B0: REGISTRATION NOT IN POSSESSION * c90 §11,No Registration
"9020B0: INSPECTION/STICKER, NO * c90 §20",Inspection
909B0: UNREGISTERED MOTOR VEHICLE * c90 §9,No Registration
"9026A0: NAME/ADDRESS CHANGE, FL NOTIFY RMV OF * c90 §26A",Other
"9023C0: LICENSE REVOKED AS HTO, OPERATE MV WITH c90 §23",Other License Violation
"90120: IMPROPER OPERATION OF MV, ALLOW * c90 §12",Other
9019AA0: WEIGHT VIOLATION * c90 §19A & §20,Other
"9014A0: SLOW, FAIL TO * c90 §14",Fail to stop/yield/slow/signal
894A0: MARKED LANES VIOLATION * c89 §4A,Improper Lane Change
9010A0: UNLICENSED OPERATION OF MV c90 §10,No License
"13834CA1: LIQUOR, PERSON UNDER 21 POSSESS c138 §34C",Alcohol
555555: MISCELLANEOUS MUNIC MOTOR VEHICLE ORDINANCE/BYLAW VIOL,Miscellaneous Violation
9018A0: SPEEDING IN VIOL SPECIAL REGULATION * c90 §18,Speeding
"907D0: EQUIPMENT VIOLATION, MISCELLANEOUS MV * c90 §7",Equipment Violation
9024P0: USE MV WITHOUT AUTHORITY c90 §24(2)(a),Other
"9010C0: LICENSE RESTRICTION, OPERATE MV IN VIOL",Other License Violation
540CMR2240: NUMBER PLATE STICKER NOT DISPLAYED 540 C,License Plate
9024C1: LEAVE SCENE OF PROPERTY DAMAGE c90 §24(2)(a),Property Damage
9023G0: NUMBER PLATE VIOLATION TO CONCEAL ID c90 §23,License Plate
9034J0: UNINSURED MOTOR VEHICLE c90 §34J,Uninsured
"9023D0: LICENSE SUSPENDED, OP MV WITH c90 §23",Suspended/Revoked License
720CMR906A0: STATE HWAY--SIGNAL/SIGN/MARKINGS VIOL * 720 CMR §9.06,Fail to stop/yield/slow/signal
"9023H0: REGISTRATION SUSPENDED, OP MV WITH c90 §23",Suspended Registration
"8980: YIELD AT INTERSECTION, FAIL * c89 §8",Fail to stop/yield/slow/signal
9024E1: NEGLIGENT OPERATION OF MOTOR VEHICLE c90 §24(2)(a),Unsafe/Negligent Operation
"9025D0: STOP FOR POLICE, FAIL c90 §25",Disobey Police
"894BB0: RIGHT LANE, FAIL DRIVE IN * c89 §4B",Traffic Violation
"8910: KEEP RIGHT FOR ONCOMING MV, FAIL TO * c89 §1",Other
8510B0: MOTOR VEH BY-LAW VIOLATION * c85 §10,Other
"26628A0: MOTOR VEH THIEF, CONCEAL c266 §28(b)",Other
9024F1: OUI--DRUGS c90 §24(1)(a)(1),Drugs
"90160: OPERATION OF MOTOR VEHICLE, IMPROPER * c90 §16",Equipment Violation
"9013A0V2: SEAT BELT, FAIL WEAR * c90 §13A",Seatbelt
9060: NUMBER PLATE VIOLATION * c90 §6,License Plate
"94C34G0: DRUG, POSSESS CLASS D c94C §34",Drugs
909D0: WINDOW OBSTRUCTED/NONTRANSPARENT * c90 §9D,Equipment Violation
"9014B0V2: SIGNAL, FAIL TO * c90 §14B",Fail to stop/yield/slow/signal
"9024BC0: RMV DOCUMENT, POSSESS/USE FALSE/STOLEN c90 §24B",Other
907AAB1: CHILD 5-12 WITHOUT SEAT BELT * c90 §7AA,Seatbelt
9013A0: UNSAFE OPERATION OF MV * c90 §13,Unsafe/Negligent Operation
540CMR1403B1: MOTOR CARRIER SAFETY VIOLATION 540 CMR §14.03,Freight Truck/Haz Mat Volation
"907E0V2: RED/BLUE LIGHT VIOLATION, MV * c90 §7E",Lights Violation
"9024I2V2: ALCOHOL IN MV, POSSESS OPEN CONTAINER OF * c90 §24I",Alcohol
540CMR2050: REGISTRATION STICKER MISSING * 540 CMR §2.05(6)(a),Other Registration Violation
730CMR708PP0: MASS PIKE--SPEEDING * 730 CMR §7.08(6)(a),Speeding
"94C34A0: DRUG, POSSESS CLASS A c94C §34",Drugs
266121A0: TRESPASS WITH MOTOR VEHICLE * c266 §121A,Other
9015A0: RAILROAD CROSSING VIOLATION * c90 §15,Other
89111: CROSSWALK VIOLATION * c89 §11,Traffic Violation
"9020A1: SAFETY STANDARDS, MV NOT MEETING RMV * c90 §7A & §20",Other
9017BA0: RACING MOTOR VEHICLE * c90 §17B,Other
8920: PASSING VIOLATION * c89 §2,Traffic Violation
720CMR9051: STATE HWAY--WRONG WAY * 720 CMR §9.05,Other
"907C0: LIGHTS VIOLATION, MV * c90 §7",Lights Violation
"897A0: EMERGENCY VEHICLE, OBSTRUCT * c89 §7A",Obstruct Emergency Vehicle
"540CMR2120: LIGHTS, FAIL DIM 540 CMR §2.12",Lights Violation
"94C27P: HYPODERMIC FOR DRUGS, UNLICENSED SALE OF c94C §27",Drugs
"94C34C0: DRUG, POSSESS CLASS B c94C §34",Drugs
"94C34E0: DRUG, POSSESS CLASS C c94C §34",Drugs
8515A0: LIGHTS VIOLATION * c85 §15,Lights Violation
540CMR222A2: TRUCK FAIL DISPLAY OWNERS NAME * 540 CMR §2.22(1),Other
907Q0: TIRE TREAD DEPTH VIOLATION * c90 §7Q,Other
"540CMR22050: HEADLIGHTS, FAIL DIM * 540 CMR §22.05(2)",Lights Violation
"94C34N0: DRUG, POSSESS CLASS E, SUBSQ. OFF. c94C §34",Drugs
"730CMR708Q0: MASS PIKE--INSPECTION STICKER, NO *   730 CMR §7.08(26)",Inspection
"730CMR708LL0: MASS PIKE--SIGN, FAIL OBEY * 730 CMR §7.08(1)(a)",Sign/Signal/Light Violation
9031NS: RULES/REG VIOLATION,Other
9022BA0: ABANDON MV c90 §22B(a),Other
"9023A0: LICENSE, EXHIBIT ANOTHERS c90 §23",Other License Violation
"94C32AG1: DRUG, POSSESS TO DISTRIB CLASS B c94C §32A(a)",Drugs
"94C32BC1: DRUG, POSSESS TO DISTRIB CLASS C c94C §32B(a)",Drugs
"94C33E0: PRESCRIPTION, UTTER FALSE c94C §33(b)",Other
94C400: CONSPIRACY TO VIOLATE DRUG LAW c94C §40,Drugs
894C0: LEFT LANE RESTRICTION VIOLATION * c89 §4C,Traffic Violation
"90260: ACCIDENT REPORT, FAIL FILE * c90 §26",Other
907BA0: SCHOOL BUS OPERATION/EQUIPMENT VIOL * c90 §7B,Equipment Violation
908B1: LEARNERS PERMIT VIOLATION * c90 §8B,Other
"902C0: NUMBER PLATE, MISUSE OFFICIAL * c90 §2",License Plate
"27016E0: TRASH, LITTER FROM MV c270 §16",Other
85360: LOAD UNSECURED/UNCOVERED * c85 §36,Other
9024A0: LEAVE SCENE OF PERSONAL INJURY c90 §24(2)(a½)(1),Other
"90B22B0: SNOW/REC VEH--REGISTRATION, FL PRODUCE * c90B §22",Snow/Recreational Vehicle
730CMR7090: MASS PIKE--MOTOR CARRIER SAFETY ACT VIOL * 730 CMR §7.09,Freight Truck/Haz Mat Volation
"9024S0: LICENSE, FALSE STATEMENT IN APPLIC FOR c90 §24(2)(a)",Other License Violation
"13834BB0: LIQUOR LICENSING AUTH, REFUSE ID SELF TO c138 §34B",Alcohol
"540CMR222B0: OVERWEIGHT PERSONAL PROPERTY, CONVEY * 540 CMR §2.22(2) or (3)",Other
"9014C0: SCHOOL BUS, FAIL STOP FOR * c90 §14",Other
908E0: JUNIOR OPERATOR WITH PASSENGER UNDER 18 * c90 §8,Other
9019A0: OVERSIZE MV * c90 §19,Other
9019B0: TIRE OUTSIDE FENDER c90 §19,Other
"852EA0: STATE HWAY--CLOSED TO TRAVEL, MV WHERE * c85 §2E",Other
730CMR504H0: MASS PIKE—WEIGHT VIOLATION 730 CMR §5.04,Other
"730CMR708L0: MASS PIKE--FUEL, INADEQUATE *  730 CMR §7.08(23)",Fuel
730CMR705Z0: MASS PIKE--WEIGHT VIOLATION * 730 CMR §7.05(5)(h),Other
9010D0: JUNIOR OPERATOR OP 12-5 AM W/O PARENT c90 §§8 & 10,Other
"94C32CC1: DRUG, POSSESS TO DISTRIB CLASS D c94C §32C(a)",Drugs
94C32J3: DRUG VIOLATION NEAR SCHOOL/PARK c94C §32J,Drugs
"94C32C1: DRUG, POSSESS TO DISTRIB CLASS A c94C §32(a)",Drugs
"94C32AC0: COCAINE, POSSESS TO DISTRIBUTE c94C §32A(c)",Drugs
"94C370: DRUG, LARCENY OF c94C §37",Drugs
9016A0: IDLE ENGINE OF STOPPED MV OVER 5 MINUTES * c90 §16A,Other
730CMR504F0: MASS PIKE SPEEDING 730 CMR §5.04,Speeding
"90B320: SNOW/REC VEH--STOP FOR POLICE, FAIL * c90B §32",Snow/Recreational Vehicle
"90B250: SNOW/REC VEH--PUBLIC WAY, ON c90B §25",Snow/Recreational Vehicle
903B0: STUDENT MOTOR VEH REGISTRATION VIOL * c90 §3,Other Registration Violation
540CMR4001: MOTOR VEH INSPECTION STATION VIOLATION 540 CMR §4.00,Inspection
90312B0: REGISTER MV IMPROPERLY TO AVOID TAXES/PREMIUMS * c90 §3½(c)(¶2),Other Registration Violation
730CMR504C0: MASS PIKE--$50 VIOLATION * 730 CMR §5.04,Other
"148540: CIGARETTE/MATCH, DROP ON FOREST/FIELD c148 §54",Other
720CMR908D1: STATE LIMITED ACCESS HWAY--BICYCLE 720 CMR §9.08,Other
"9050: NUMBER PLATE, FALSE APPLIC FOR DEALER c90 §5(g)",License Plate
8514B0: FLARES VIOLATION BY COMMERCIAL VEHICLE * c85 §14B,Other
"26628D0: MOTOR VEH, MALICIOUS DAMAGE TO c266 §28(a)",Other
"94C32D0: DRUG, POSSESS TO DISTRIB CLASS A, SUBSQ. c94C §32(b)",Drugs
"94C32EA0: COCAINE, TRAFFICKING IN c94C §32E(b)",Drugs
9024LD0: OUI--LIQUOR & SERIOUS INJURY c90 §24L(2),OUI
740CMR1105B0: TOBIN BRIDGE—TRAFFIC VIOLATION 740 CMR §,Traffic Violation
740CMR1105A0: TOBIN BRIDGE—SPEEDING OVER POSTED LIMIT,Speeding
"94C32EE0: HEROIN/MORPHINE/OPIUM, TRAFFICKING IN 18 GRAMS OR MORE, LESS THAN 36 GRAMS c94C §32E(c)",Drugs
"94C32IA0: DRUG PARAPHERNALIA, DISTRIBUTE c94C §32I(a)",Drugs
"94C32GB1: COUNTERFEIT DRUG, POSSESS TO DISTRIBUTE c94C §32G",Drugs
90B210: SNOW/REC VEH--UNREGISTERED * c90B §21,Snow/Recreational Vehicle
90B26F0: SNOW/REC VEH--UNSAFE OPERATION * c90B §26,Snow/Recreational Vehicle
350CMR401E1: MDC WAY--SPEEDING * 350 CMR §4.01,Speeding
323CMR3033: SNOW/REC VEHICLE VIOLATION * 323 CMR §3.03,Snow/Recreational Vehicle
90B24A1: SNOW/REC VEH--EQUIPMENT VIOLATION * c90B §24,Snow/Recreational Vehicle
"94C32DC1: DRUG, POSSESS TO DISTRIB CLASS E c94C §32D(a)",Drugs
"90B270: SNOW/REC VEH--ACCIDENT, FAIL REPORT * c90B §27",Snow/Recreational Vehicle
"730CMR5030: MASS PIKE—TOLL, EVADE 730 CMR §5.03",Toll
4021H0: TIRE WIDTH BY-LAW VIOLATION * c40 §21(9),Other
9011A0: LICENSE NOT IN POSSESSION * c90 §11,No License
730CMR305E0: SUMNR/CALHN TUNL—SPEEDING 730 CMR §3.05,Speeding
720CMR9030: STATE HWAY--PARKING * 720 CMR §9.03,Other
540CMR1403A1: HAZARDOUS MATERIALS TRANSPORT VIOL *  540 CMR §14.03,Freight Truck/Haz Mat Volation
"94C32AH0: DRUG, POSSESS TO DISTRIB CLASS B, SUBSQ. c94C §32A(b)",Drugs
"94C19C0: FALSE PRESCRIPTION, PHARMACIST KNOWINGLY FILL CLASS A  c94C §19(a)",Other
"8516A0: NAME/ADDRESS, MV OP REFUSE GIVE AT NT * c85 §16",Disobey Police
"64E2A0: SPECIAL FUELS, USE WITHOUT LICENSE * c64E §2",Fuel
"9014AA1: BLIND PEDESTRIAN, FAIL STOP FOR * c90 §14A",Traffic Violation
"907PA0: HEIGHT, OPERATE MV WITH MODIFIED * c90 §7P",Other
"903A0: REGISTER MV OPERATED +30 DAYS YEAR, FL * c90 §3",Other Registration Violation
9018AB0: PEDESTRIAN VIOLATION c90 §18A,Traffic Violation
"94C27I0: HYPODERMIC, POSSESS c94C §27(a)",Other
9018B0: MOTOR VEH IN AREA CLOSED TO TRAVEL * c90 §18,Other
"730CMR704B0: MASS PIKE--ETC TOLL, AVOID * 730 CMR §7.04(3)",Toll
"730CMR703B0: MASS PIKE--TOLL, EVADE *  730 CMR §7.03(4)",Toll
"13834AA1: LIQUOR, ASSIST PERSON UNDER 21 PURCHASE c138 §34A",Alcohol
9024GA0: MOTOR VEH HOMICIDE BY NEGLIGENT OP c90 §24G(b),Death
26513A0: MANSLAUGHTER c265 §13,Death
350CMR401A0: MDC WAY--$200 VIOLATION * 350 CMR §4.01,Other
9024B0: LEAVE SCENE OF PERSONAL INJURY & DEATH c90 §24(2)(a½)(2),Other
9024GB0: MOTOR VEH HOMICIDE BY RECKLESS OP c90 §24G(b),Death
9024GG0: MOTOR VEH HOMICIDE OUI--LIQUOR & NEGLIG c90 §24G(a),Death
"350CMR201A1: MDC WAY/RESERV--ENTRY/EXIT, IMPROPER MV * 350 CMR §2.01(2)",Other
"730CMR706E0: MASS PIKE--HEIGHT CLEARANCE, FAIL CHECK *  730 CMR §7.06(4)(g)",Other
"94C351: HEROIN, BEING PRESENT WHERE KEPT c94C §35",Drugs
8530C0: WEIGHT VIOLATION ON STATE HWAY * c85 §30,Other
81A19A0: MASS PIKE--WEIGHT VIOLATION * c81A §19,Other
350CMR401D1: MDC WAY--$25 VIOLATION * 350 CMR §4.01,Other
730CMR706H0: MASS PIKE--OVERWEIGHT CONSTR VEH W/O PERMIT *  730 CMR §7.06(3)(c)(2),Other
"94C32AD0: COCAINE, POSSESS TO DISTRIBUTE, SUBSQ. c94C §32A(d)",Drugs
"9024A0V2: MOTOR VEH IN FELONY/LARCENY, USE c90 §24A",Other
"9023F1: LICENSE SUSPENDED FOR OUI, OPER MV WITH c90 §23",OUI
"266139A0: MOTOR VEH VIN, REMOVE/ALTER c266 §139(a)",Other
"740CMR11030: TOBIN BRIDGE—TOLL, EVADE 740 CMR §11.03",Toll
"730CMR703A0: MASS PIKE--TOLL BOOTH, FAIL STOP AT *  730 CMR §7.03(2)",Toll
"94C32CD1: DRUG, POSSESS TO DISTRIB CLASS D, SUBSQ. c94C §32C(b)",Drugs
730CMR708BB0: MASS PIKE--PARKING $15 VIOLATION * 730 CMR §7.08(3)&(4),Other
730CMR7100: MASS PIKE--HAZARDOUS MATERIAL VIOLATION * 730 CMR §7.10,Freight Truck/Haz Mat Volation
720CMR8030: STATE HWAY—HAZARDOUS MATERIAL TRANS VIOL,Freight Truck/Haz Mat Volation
730CMR305C1: SUMNR/CALHN TUNL--$50 VIOLATION * 730 CMR §3.05,Other
901BD0: MOPED VIOLATION * c90 §1B,Other
"9012C0: UNLICENSED/SUSPENDED OPERATION OF MV, PERMIT  c90 §12(b)",No License
8530AC0: WEIGHT VIOL ON STATE HWAY & NO STICKER * c85 §30A,Other
540CMR700A1: SCHOOL BUS EQUIP VIOLATION 540 CMR §7.00,Other
540CMR4060: MOTORCYCLE HANDLEBAR VIOLATION * 540 CMR §4.06(5)(e),Other
730CMR708C0: MASS PIKE--COMMON CARRIER FL STOP FOR POLICE *  730 CMR §7.08(30),Disobey Police
"26628F0: MOTOR VEH, RECEIVE STOLEN c266 §28(a)",Other
"9024D0: LICENSE, ALLOW ANOTHER TO USE c90 §24(2)(a)",Other License Violation
"8971: EMERGENCY VEHICLE, WILFULLY OBSTRUCT c89 §7",Obstruct Emergency Vehicle
350CMR401C1: MDC WAY--$50 VIOLATION * 350 CMR §4.01,Other
730CMR707F0: MASS PIKE--TANDEM GROSS WEIGHT VIOL * 730 CMR §7.07(4)&(5),Other
907DA0: PUPIL TRANSPORT VEHICLE VIOLATION * c90 §7D,Child
909A0V2: SAFETY GLASS VIOLATION * c90 §9A,Other
85350: WEIGHT VIOLATION ON HWAY BRIDGE * c85 §35,Other
"266640: HIRING VEHICLE, FRAUD IN c266 §64",Other
"94C33C0: DRUG, OBTAIN BY FRAUD c94C §33(b)",Drugs
9019DA0: WEIGHT CERTIFICATE VIOLATION * c90 §19D,Other
730CMR304B0: SUMNR/CALHN TUNL—$100 VIOLATION 730 CMR,Other
"540CMR18041: NUMBER PLATE, MISUSE DEALER/REPAIR 540 CMR §18.04(2)",License Plate
"90D40: TITLE, FAIL APPLY FOR MV c90D §4(a)",Other
740CMR21521: LOGAN--SIGNAL/SIGN/MARKINGS VIOLATION * 740 CMR §21.52,Fail to stop/yield/slow/signal
720CMR906B0: STATE HWAY-TRAFFIC VIOLATION * 720 CMR §9.06,Traffic Violation
730CMR707S0: MASS PIKE--TANDEM SPEED VIOLATION * 730 CMR §7.07(19),Other
"908AA0: SCHOOL BUS INSTRUCTOR, UNLIC c90 §8A",Other
"907K0: TIRES, SELL NONCONFORMING c90 §7K",Other
266126B0: TAGGING PROPERTY c266 §126B,Other
"9022H0: ANIMAL, TRANSPORT UNPROTECTED * c90 §22H",Other
9032H0: LEASE MOTORCYCLES WITHOUT LICENSE c90 §32H,Other License Violation
907R0: VEHICLE ID NUMBER NOT DISPLAYED * c90 §7R,Other
730CMR504B0: MASS PIKE—$100 VIOLATION 730 CMR §5.04,Other
9024GD0: MOTOR VEH HOMICIDE OUI--DRUGS & NEGLIG c90 §24G(a),Death
"907OA0: POLLUTANT CONTROL DEVICE, REMOVE c90 §7O",Other
730CMR305D0: SUMNR/CALHN TUNL—$20 VIOLATION 730 CMR §,Other
"9024K2: OUI--LIQUOR, 2ND OFFENSE c90 §24(1)(a)(1)",OUI
"26628B0: MOTOR VEH, LARCENY OF c266 §28(a)",Other
"94C22A0: DRUG, PRACTITIONER FAIL LABEL c94C §22(b)",Drugs
9024GC0: MOTOR VEH HOMICIDE OUI--DRUGS c90 §24G(b),Death
"27242A0: FUNERAL PROCESSION, DISTURB c272 §42",Other
9024J3: OUI--LIQUOR c90 §24(1)(a)(1),OUI
9024LD1: OUI--LIQUOR & SERIOUS INJURY c90 §24L(2),OUI
"27280H0: DOG/CAT, MOTORIST FL REPORT INJURY TO * c272 §80H",Other
9024GF1: MOTOR VEH HOMICIDE OUI--LIQUOR c90 §24G(b),Death
9024F2: OUI--DRUGS c90 §24(1)(a)(1),Drugs
2661201: TRESPASS c266 §120,Other
"94C32BD0: DRUG, POSSESS TO DISTRIB CLASS C, SUBSQ. c94C §32B(b)",Drugs
9024GG1: MOTOR VEH HOMICIDE OUI--LIQUOR & NEGLIG c90 §24G(a),Death
8530B0: WEIGHT VIOLATION ON MUNICIPAL WAY * c85 §30,Other
"94C32IC0: DRUG PARAPHERNALIA, SELL TO MINOR c94C §32I(b)",Drugs
907CC0: SPECIAL NEEDS STUDENTS VEH FL ID OWNER * c90 §7CC,Other
266126A0: VANDALIZE PROPERTY c266 §126A,Other
9024GH1: MOTOR VEH HOMICIDE OUI--LIQUOR & RECKL c90 §24G(a),Death
"907U0: MOTORCYCLE, NOISY * c90 §7U",Other
730CMR4010: MASS PIKE TANDEM—LENGTH VIOLATION 730 CM,Other
9024GD1: MOTOR VEH HOMICIDE OUI--DRUGS & NEGLIG c90 §24G(a),Death
740CMR21531: LOGAN--CARRIER VIOLATION * 740 CMR §21.53,Other
9032EB0: LEASE MV LESSEE ALLOW UNAUTH PERSON OP c90 §32E,Other
"90D32B0: TITLE, FALSE MV c90D §32(a)",Other
908HA0: RMV ID CARD FRAUD c90 §8H,Other
"905AA0: NUMBER PLATE, MISUSE MILITARY * c90 §5A",License Plate
9019DC0: ALTER MOTOR VEH TO REDUCE GVW c90 §19D,Other
"9025A0: IDENTIFY SELF, MV OPERATOR REFUSE c90 §25",Disobey Police
740CMR2151A1: LOGAN--SPEEDING OVER POSTED LIMIT * 740 CMR §21.51,Speeding
"94C32EI0: MARIHUANA, TRAFFICKING IN 50 POUNDS OR MORE BUT LESS THAN 100 POUNDSc94C §32E(a)",Drugs
"94C32CA1: DRUG, DISTRIBUTE CLASS D c94C §32C(a)",Drugs
"13834AB1: LIQUOR, PERSON UNDER 21 ATTEMPT PROCURE c138 §34A",Alcohol
730CMR504L0: MASS PIKE—DROP DANGEROUS ITEM ON PIKE 73,Other
90B230: SNOW/REC VEH--TRANSFER UNREPORTED * c90B §23,Snow/Recreational Vehicle
"9010B0: LICENSE CLASS, OPERATE MV IN VIOLATION c90 §10",Other License Violation
9024GE1: MOTOR VEH HOMICIDE OUI--DRUGS & RECKLESS c90 §24G(a),Death
9019E0: WEIGHT VIOLATION IN VIOL FEDERAL LAW * c90 §19E,Other
8530AB0: WEIGHT VIOL ON MUNIC WAY & NO STICKER * c85 §30A,Other
700CMR708PP0: MASS PIKE - SPEEDING * 700 CMR §7.08(6)(a),Speeding
"94C34H0: DRUG, POSSESS CLASS D, SUBSQ.OFF. c94C §34",Drugs
"907A0: BRAKES VIOLATION, MV * c90 §7",Other
907I0V2: SAMARITAN VEHICLE MISUSE SIREN/LIGHT * c90 §7I,Lights Violation
540CMR228A0: DRIVING SCHOOL VIOLATION 540 CMR §2.28,Other
9032CA0: LEASE MV TO INTOXICATED DRIVER c90 §32C,Other
8530A0: WEIGHT VIOLATION ON COUNTY WAY * c85 §30,Other
"730CMR303A0: SUMNR/CALHN TUNL—TOLL, EVADE 730 CMR §3.",Toll
"94C32DD1: DRUG, POSSESS TO DISTRIB CLASS E, SUBSQ. c94C §32D(b)",Drugs
909A0: NUMBER PLATE MISSING * c90 §9,License Plate
"9019AC0: WEIGHED, REFUSAL TO BE * c90 §19A",Other
"94C32FE0: DRUG, POSSESS TO DISTR TO MINOR CLASS A c94C §32F(a)",Drugs
"540CMR22070: AFTERMARKET LIGHTING, NONCOMPLIANT * 540 CMR §22.07",Lights Violation
"9023E0: LICENSE SUSPENDED, OP MV WITH, SUBSQ.OFF c90 §23",Suspended/Revoked License
90B8A1: BOAT OUI--DRUGS c90B §8(a),Drugs
"9014B0: TURN, IMPROPER * c90 §14",Fail to stop/yield/slow/signal
"9024K3: OUI--LIQUOR, 2ND OFFENSE c90 §24(1)(a)(1)",OUI
740CMR303B1: MASSPORT--TRAFFIC VIOLATION * 740 CMR §3.03,Traffic Violation
907E0: MOTORCYCLE EQUIPMENT VIOLATION * c90 §7,Equipment Violation
"9022E0: ABANDONED MV, VANDALIZE c90 §22E",Other
730CMR7110: MASS PIKE--DISABLED VEH REPAIR/TOW VIOL *  730 CMR §7.11,Other
8517AA0: SOLICIT FROM PERSONS IN MOTOR VEHICLES c85 §17A,Other
"27016E1: TRASH, LITTER FROM MV c270 §16",Other
90B26E0: SNOW/REC VEH--OUI--LIQUOR * c90B §26,OUI
90B26C0: SNOW/REC VEH--HELMET VIOLATION * c90B §26,Snow/Recreational Vehicle
907AAA1: CHILD UNDER 5 WITHOUT CARSEAT * c90 §7AA,Child
"94C32KA0: DRUG FUNDS, CAUSE MINOR TO POSSESS c94C §32K",Drugs
9019AB0: WEIGHT VIOLATION WITH IRREDUCIBLE LOAD * c90 §19A & §20,Other
730CMR306A0: MASS PIKE TUNNELS--$500 VIOLATION * 730 CMR §3.06,Other
9017A1: SPEEDING * c90 §17,Speeding
9018A1: SPEEDING IN VIOL SPECIAL REGULATION * c90 §18,Speeding
9024J4: OUI--LIQUOR c90 §24(1)(a)(1),OUI
9024F3: OUI--DRUGS c90 §24(1)(a)(1),Drugs
894BA0: BREAKDOWN LANE VIOLATION * c89 §4B,Traffic Violation
730CMR708RR0: MASS PIKE--SPEEDING OVER POSTED LIMIT *  730 CMR §7.08(6)(c),Speeding
"897B0: EMERGENCY VEHICLE, WILFULLY OBSTRUCT, 2D c89 §7",Obstruct Emergency Vehicle
9024C0: LEAVE SCENE OF PROPERTY DAMAGE c90 §24(2)(a),Property Damage
85200: SPEEDING ON COUNTY BRIDGE VIOL BY-LAW * c85 §20,Speeding
720CMR908B1: STATE HWAY--FITZGERALD TUNL HAZARD MATS * 720 CMR §9.08,Other
90F90: OUT-OF-SVCE ORDER VIOLATION * c90F §9(E½)(3),Other
"90F40: OUT-OF-SVCE ORDER VIOL, EMPLOYER PERMIT * c90F §4(C)",Other
8511B0: BICYCLE VIOLATION c85 §11B,Other
"9025C0: SIGN NAME, MV OPERATOR REFUSE c90 §25",Disobey Police
740CMR303A1: MASSPORT--SPEEDING OVER POSTED LIMIT * 740 CMR §3.03,Speeding
"908A120: PUPILS, TRANSPORT WITHOUT LICENSE * c90 §8A½",Child
"9024L4: OUI-LIQUOR, 3RD OFFENSE c90 §24(1)(a)(1)",OUI
907L0: SCHOOL BUS OPERATE WITH STANDEES * c90 §7L,Other
"90B26P0: ALL TERRAIN/REC UTILITY VEH, UNDERAGE OP c90B §26(a)",Other
"94C25A0: DRUG INSPECTION, REFUSE c94C §25(6)",Drugs
9024N0: RACING MOTOR VEHICLE c90 §24(2)(a),Other
90B26M0: SNOW/REC VEH - REFUSE STOP FOR POLICE * c90B §26(c),Snow/Recreational Vehicle
730CMR708Y0: MASS PIKE--NEGLIGENT OPERATION * 730 CMR §7.08(5)(a),Unsafe/Negligent Operation
"94C32EB0: HEROIN/MORPHINE/OPIUM, TRAFFICKING IN c94C §32E(c)",Drugs
901BA0: MOPED OPERATION BY UNLIC -17 c90 §1B,Other
90B8AD0V2: BOAT OUI--LIQUOR & SERIOUS INJURY c90B §8A(2),OUI
81A19B0: MASS PIKE--WEIGHT VIOL WHILE SPEEDING • c81A §19,Speeding
"159B100: COMMON CARRIER INTERSTATE PLATE, MISUSE c159B §10",Other
"9024K4: OUI-LIQUOR, 2ND OFFENSE c90 §24(1)(a)(1)",OUI
9017A2: SPEEDING * c90 §17,Speeding
9018A2: SPEEDING IN VIOL SPECIAL REGULATION * c90 §18,Speeding
9024J5: OUI-LIQUOR OR .08% c90 §24(1)(a)(1),OUI
9024E2: NEGLIGENT OPERATION OF MOTOR VEHICLE c90 §24(2)(a),Unsafe/Negligent Operation
9024F4: OUI--DRUGS c90 §24(1)(a)(1),Drugs
9024LD2: OUI--LIQUOR OR .08% & SERIOUS INJURY c90 §24L(2),OUI
"8519A0: ANIMAL, TRANSPORT DANGEROUS WILD * c85 §19",Other
90B8AD1V2: BOAT OUI--LIQUOR & SERIOUS INJURY c90B §8A(2),OUI
"94C33A0: DRUG, FALSE REGIS NUMBER FOR c94C §33(a)",Drugs
"9024HA0: ABANDONED/STOLEN MV, IMPROP REMOVE c90 §24H",Other
"94C32A1: DRUG, DISTRIBUTE CLASS A c94C §32(a)",Drugs
"94C32B0: DRUG, DISTRIBUTE CLASS A, SUBSQ.OFF. c94C §32(b)",Drugs
"94C27J0: HYPODERMIC, POSSESS, SUBSQ.OFF. c94C §27(a)",Other
902B1: HANDICAP PARKING PLATE/PLACARD MISUSE * c90 §2,Other
9024GH2: MOTOR VEH HOMICIDE OUI--LIQUOR OR .08% & RECKLESS c90 §24G(a),Death
9024GG2: MOTOR VEH HOMICIDE OUI--LIQUOR OR .08% & NEGLIGENT c90 §24G(a),Death
9032GA0: DRIVING SCHOOL EQUIPMENT VIOLATION * c90 §32G,Equipment Violation
730CMR504E0: MASS PIKE—$15 VIOLATION 730 CMR §5.04,Other
"9024K5: OUI-LIQUOR OR .08%, 2ND OFFENSE c90 §24(1)(a)(1)",OUI
730CMR708VV0: MASS PIKE--TOO CLOSE *  730 CMR §7.08(15),Traffic Violation
908D0: JUNIOR OPERATOR OP 12-5 AM W/O PARENT c90 §§8 & 10,Other
"907DB0: PUPIL TRANSPORT VEHICLE, OVERCROWDED c90 §7D",Child
730CMR708FF0: MASS PIKE--PASSING VIOLATION *  730 CMR §7.08(14),Traffic Violation
8511E0: BICYCLE VIOLATOR REFUSE IDENTIFY SELF c85 §11E,Disobey Police
740CMR2303B1: LOGAN--CARRIER $50/$100/$200 VIOLATION * 740 CMR §23.03,Other
"9024I5: OUI-DRUGS, 4TH OFFENSE c90 §24(1)(a)(1)",Drugs
9024GF2: MOTOR VEH HOMICIDE OUI--LIQUOR OR .08% c90 §24G(b),Death
9024GC1: MOTOR VEH HOMICIDE OUI--DRUGS c90 §24G(b),Death
"90B8O1: MBOAT, UNSAFE OPERATION OF c90B §8",Boat
902B0V2: REGISTRATION LEFT IN TRANSFERRED MV * c90 §2B,Other Registration Violation
"8991: STOP/YIELD, FAIL TO * c89 §9",Fail to stop/yield/slow/signal
89112: CROSSWALK VIOLATION * c89 §11,Traffic Violation
"9014C1: SCHOOL BUS, FAIL STOP FOR * c90 §14",Other
903B1: STUDENT MOTOR VEH REGISTRATION VIOL * c90 §3,Other Registration Violation
"9023I0: REGISTRATION SUSPENDED, OP MV, SUBSQ.OFF c90 §23",Suspended Registration
90312A0: REGISTER MV IMPROPERLY TO AVOID TAXES/PREMIUMS c90 §3½(c),Other Registration Violation
"730CMR708UU0: MASS PIKE--STOP/TURN, FAIL SIGNAL *  730 CMR §7.08(17)(c)",Fail to stop/yield/slow/signal
730CMR708E0: MASS PIKE--CROSS-OVER VIOLATION *  730 CMR §7.08(10)(b),Other
"9024BA0: LICENSE, FALSE APPLICATION FOR MV c90 §24B",Other License Violation
720CMR9071: STATE HWAY--TRAFFIC VIOLATION * 720 CMR §9.07,Traffic Violation
90B330: SNOWMOBILE OPERATOR REFUSE ID/LEAVE c90B §33,Snow/Recreational Vehicle
90B26H0: SNOW/REC VEH--UNDER 14 OPERATE UNSUPERVSD c90B §26,Snow/Recreational Vehicle
85230: STATE HWAY--GUBERNATORIAL BY-LAW VIOL * c85 §23,Other
"9024M5: OUI-LIQUOR OR .08%, 4TH OFFENSE c90 §24(1)(a)(1)",OUI
730CMR708U0: MASS PIKE--MARKED LANES VIOLATION *  730 CMR §7.08(8),Improper Lane Change
730CMR708TT0: MASS PIKE--STOP/BACK/U-TURN *  730 CMR §7.08(17)(a)&(b),Other
730CMR4180: MASS PIKE TANDEM—SPEEDING 730 CMR §4.18,Speeding
"897C0V2: EMERGENCY VEHICLE, OBSTRUCT STATIONARY * c89 §7C",Obstruct Emergency Vehicle
"9023J0: LICENSE SUSPENDED FOR OUI, OUI WHILE c90 §23",OUI
89113: CROSSWALK VIOLATION * c89 §11,Traffic Violation
700CMR709K0: MASS PIKE - EXCLUDED AREA IN CONSTRUCTION ZONE *  700 CMR §7.09(12)(b),Other
"9012A0: UNLICENSED OPERATOR, EMPLOY * c90 §12(a)",No License
"94C27C0: HYPODERMIC, DISTRIB TO UNAUTH PERSON c94C §27(b)",Other
"730CMR708WW0: MASS PIKE--TRAFFIC LIGHT, FAIL OBEY * 730 CMR §7.08(2)",Sign/Signal/Light Violation
9024VA0: CHILD ENDANGERMENT WHILE OUI  c90 §24V,OUI
730CMR708A0: MASS PIKE--BREAKDOWN LANE VIOLATION *  730 CMR §7.08(9),Traffic Violation
90B8BA0: BOAT HOMICIDE BY NEGLIGENT OP c90B §8B(2),Death
90B8BG1: BOAT HOMICIDE OUI--LIQUOR OR .08% & NEGLIGENT c90B §8B(1),Death
350CMR1109A1: MDC WATERSHED--MV VIOLATION  350 CMR §11.09,Other
"9024BB0: RMV DOCUMENT, FORGE/MISUSE c90 §24B",Other
"94C32AA0: COCAINE, DISTRIBUTE c94C §32A(c)",Drugs
896A0: STREETCAR FAIL STOP FOR FIRE APPARATUS c89 §6A,Other
"90B8F1: WATER SKIS/SURFBOARD, NEGLIGENT USE OF c90B §8",Unsafe/Negligent Operation
"9019K0: SNOW PLOW/HITCH, FAIL REMOVE * c90 §19K",Snow/Recreational Vehicle
"16194A0: STREETCAR, OBSTRUCT c161 §94",Other
350CMR401B1: MDC WAY--$100 VIOLATION * 350 CMR §4.01,Other
730CMR708R0: MASS PIKE--LEFT LANE RESTRICTION * 730 CMR §7.08(11)(b),Traffic Violation
730CMR705CC0: MASS PIKE--WRONG WAY * 730 CMR §7.05(1),Other
9024J6: OUI-LIQUOR OR .08% c90 §24(1)(a)(1),OUI
9024F5: OUI-DRUGS c90 §24(1)(a)(1),Drugs
9024LD3: OUI-LIQUOR OR .08% & SERIOUS INJURY c90 §24L(2),OUI
9024GA1: MOTOR VEH HOMICIDE BY NEGLIGENT OP c90 §24G(b),Death
9024GF3: MOTOR VEH HOMICIDE OUI-LIQUOR OR .08% c90 §24G(b),Death
9024GB1: MOTOR VEH HOMICIDE BY RECKLESS OP c90 §24G(b),Death
26513120: MANSLAUGHTER WHILE OUI  c265 §13½,Death
9024GG3: MOTOR VEH HOMICIDE OUI-LIQUOR OR .08% & NEGLIGENT c90 §24G(a),Death
"266114A0: GLASS IN BUILDING, BREAK c266 §114",Other
"730CMR708KK0: MASS PIKE--RIGHT LANE, FAIL KEEP TO *  730 CMR §7.08(13)",Traffic Violation
"9024K6: OUI-LIQUOR OR .08%, 2ND OFFENSE c90 §24(1)(a)(1)",OUI
9024GH3: MOTOR VEH HOMICIDE OUI-LIQUOR OR .08% & RECKLESS c90 §24G(a),Death
"26628C0: MOTOR VEH, LARCENY OF, SUBSQ.OFF. c266 §28(a)",Other
"9024M7: OUI-LIQUOR OR .08%, 4th OR GREATER OFFENSE c90 §24(1)(a)(1)",OUI
"9023D2: LICENSE SUSPENDED, OP MV WITH c90 §23",Suspended/Revoked License
"9024L6: OUI-LIQUOR OR .08%, 3RD OFFENSE c90 §24(1)(a)(1)",OUI
"266139E1: NUMBER PLATE, TAKE c266 §139",License Plate
"540CMR2205B0: HEADLIGHTS, ALTERNATING FLASHING * 540 CMR §22.05(2)",Lights Violation
8531C0: METAL TIRES +4 MPH ON STATE HWAY * c85 §31,Other
"9024S0V2: IGNITION INTERLOCK, OPERATE WITHOUT c90 §24S(a)",Other
"9024Q0: USE MV WITHOUT AUTHORITY, 2ND OFF. c90 §24(2)(a)",Other
"730CMR703C0: MASS PIKE--TOLL, FAIL PAY *  730 CMR §7.03(3)",Toll
"9024T: IGNITION INTERLOCK, TAMPER WITH c90 §24T(a)",Other
9024GD2: MOTOR VEH HOMICIDE OUI-DRUGS & NEGLIG c90 §24G(a),Death
730CMR708W0: MASS PIKE--MINIMUM SPEED VIOLATION * 730 CMR §7.08(6)(c),Other
"266141A0: MOTOR VEH ODOMETER, TAMPER WITH c266 §141A",Other
"730CMR708XX0: MASS PIKE--TRASH, IMPROP DISPOSE OF MINOR  730 CMR §7.08(24)(a)",Other
"90B8H0: MBOAT ACCIDENT, LEAVE SCENE OF c90B §8",Boat
9017C0: SPEEDING IN CONSTRUCTION ZONE * c90 §17,Speeding
"9025B0: LICENSE/REGIS/PLATES, REFUSE PRODUCE c90 §25",Other License Violation
"94C21A0: DRUG, PHARMACIST FAIL LABEL c94C §21",Drugs
"720CMR908C1: STATE HWAY--RAMP, BACK ON/OFF * 720 CMR §9.08",Other
720CMR10020: NATIONAL NETWORK TRAVEL LIMITATION VIOL,Other
9024GE2: MOTOR VEH HOMICIDE OUI-DRUGS & RECKLESS c90 §24G(a),Death
9024GC2: MOTOR VEH HOMICIDE OUI-DRUGS c90 §24G(b),Death
"9012E: IGNITION INTERLOCK, PERMIT OPERATION WITHOUT c90 §12(c)",Other
908B2: LEARNERS PERMIT VIOLATION * c90 §8B,Other
901E0: MOTORIZED SCOOTER VIOLATION * c90 §1E,Other
908E1: JUNIOR OPERATOR WITH PASSENGER UNDER 18 * c90 §8,Other
9010A1: UNLICENSED OPERATION OF MV c90 §10,No License
9017BA1: RACING MOTOR VEHICLE * c90 §17B,Other
"9010C1: LICENSE RESTRICTION, OPERATE MV IN VIOL",Other License Violation
9010D1: JUNIOR OPERATOR OP 12-5 AM W/O PARENT c90 §§8 & 10,Other
"9024UA0: IGNITION INTERLOCK FOR ANOTHER, BYPASS c90 §24U(a)(1)",Other
"902D0: EMISSIONS, REGISTER MV WITH IMPROPER c90 §2",Other Registration Violation
"269130: FIRE ALARM, FALSE c269 §13",Other
"94C32AF0: DRUG, DISTRIBUTE CLASS B, SUBSQ.OFF. c94C §32A(b)",Drugs
90B8AD2V2: BOAT OUI-LIQUOR OR .08% & SERIOUS INJURY c90B §8A(2),OUI
"9024H6: OUI-DRUGS, 3RD OFFENSE c90 §24(1)(a)(1)",Drugs
"9010B1: LICENSE CLASS, OPERATE MV IN VIOLATION c90 §10",Other License Violation
"90B26A0: SNOW/REC VEH--FIREARM, OP WHILE CARRY * c90B §26",Snow/Recreational Vehicle
"9024V6: OUI-LIQUOR OR .08%, 5TH OFFENSE c90 §24(1)(a)(1)",OUI
"26628G0: MOTOR VEH, RECEIVE STOLEN, SUBSQ.OFF. c266 §28(a)",Other
"94C34B0: DRUG, POSSESS CLASS A, SUBSQ.OFF. c94C §34",Drugs
9017BA2: RACING MOTOR VEHICLE BY LICENSED OPERATOR c90 §17B,Other License Violation
9017BA3: RACING MOTOR VEHICLE c90 §17B,Other
"906C0: NUMBER PLATE, FAIL RETURN REPOSSESSED MV c90 §6C",License Plate
908GA0: RMV ID CARD REPLACEMENT VIOL c90 §8G,Other
"9024G6: OUI-DRUGS, 2ND OFFENSE c90 §24(1)(a)(1)",Drugs
"94C32AE1: DRUG, DISTRIBUTE CLASS B c94C §32A(a)",Drugs
730CMR708J0: MASS PIKE--EQUIPMENT VIOLATON *  730 CMR §7.08(27),Equipment Violation
"9023E2: LICENSE SUSPENDED, OP MV WITH, SUBSQ. OFF. c90 §23",Suspended/Revoked License
907AAB2: CHILD 8-12 OR OVER 57 INCHES WITHOUT SEAT BELT * c90 §7AA,Seatbelt
90B8BA1: BOAT HOMICIDE BY NEGLIGENT OP c90B §8B(2),Death
907AAA2: CHILD UNDER 8 YEARS & UNDER 58 INCHES WITHOUT CARSEAT * c90 §7AA,Child
"90B380: BOAT, REFUSE STOP/ID FOR OFFICER c90B §38",Boat
90B26E1: SNOW/REC VEH--OUI--LIQUOR OR .08% * c90B §26,OUI
"9024BC1: RMV DOCUMENT, POSSESS/USE FALSE/STOLEN c90 §24B",Other
"13834AC1: LIQUOR, PERSON UNDER 21 PROCURE c138 §34A",Alcohol
"9013H0: MOBILE PHONE, OPERATOR USE IMPROPERLY * c90 §13",Phone Use
"907B0: HORN VIOLATION, MV * c90 §7",Traffic Violation
"26913A0: CRIME REPORT, FALSE c269 §13A",Other
"897C0: EMERGENCY VEHICLE, WILFULLY OBSTRUCT, 3D c89 §7",Obstruct Emergency Vehicle
700CMR1105T0: TOBIN BRIDGE - WEIGHT/SIZE/LOAD/HAZMAT VIOL* 700 CMR §11.05(4)(a),Other
"94C32IC1: DRUG PARAPHERNALIA TO MINOR, SELL  c94C §32I(b)",Drugs
730CMR706N0: MASS PIKE--SPECIAL FUEL VEH OP TOO CLOSE * 730 CMR §7.06(6)(e)(4),Fuel
"9017BD: RACING MOTOR VEHICLE BY JR OPERATOR/LEARNER, SUBSQ. OFF. * c90 §17B",Other
140620: USED CAR DEALER FAIL KEEP REGISTER c140 §62,Other Registration Violation
9010A2: UNLICENSED OPERATION OF MV c90 §10,No License
"9023C1: LICENSE REVOKED AS HTO, OPERATE MV WITH * (CIVIL) c90 §23",Other License Violation
9034J1: UNINSURED MOTOR VEHICLE c90 §34J,Uninsured
"9023D1: LICENSE SUSPENDED, OP MV WITH c90 §23",Suspended/Revoked License
90B8A2: BOAT OUI--DRUGS c90B §8(a),Drugs
730CMR708V0: MASS PIKE--MEDIAN/EXCLUDED AREA VIOLATION * 730 CMR §7.08(10)(a),Other
9034J2: UNINSURED MOTOR VEHICLE c90 §34J,Uninsured
"9023C2: LICENSE REVOKED AS HTO, OPERATE MV WITH c90 §23",Other License Violation
"90B8T0: BOAT, USE WITHOUT AUTHORITY c90B §8(e)(1)",Boat
"902A0: REGISTRATION, FL SURRENDER ON TRANSFER * c90 §2",Other Registration Violation
"9024BB1: RMV DOCUMENT, FORGE/MISUSE c90 §24B",Other
901F0: LOW-SPEED VEHICLE VIOLATION * c90 §1F,Other
"94C34I0: DRUG, POSSESS CLASS E c94C §34",Drugs
"730CMR704A0: MASS PIKE--ETC SYSTEM/LANE, UNAUTH USE * 730 CMR §7.04(1)",Other
90B26D0: SNOW/REC VEH--OUI--DRUGS * c90B §26,Drugs
730CMR708M0: MASS PIKE--HEADLIGHT HIGH BEAM VIOLATION *  730 CMR §7.08(22),Lights Violation
730CMR708SS0: MASS PIKE--SPEEDING TO ENDANGER *  730 CMR §7.08(6)(b),Speeding
"730CMR708GG0: MASS PIKE--POLICE ORDERS, FAIL OBEY *  730 CMR §7.08(1)(b)",Disobey Police
"90B8I1: BOAT, LEAVE SCENE OF PROPERTY DAMAGE BY c90B §8(e)(1)",Boat
730CMR708P0: MASS PIKE--IDLING *  730 CMR §7.08(28),Other
"907BF0: SCHOOL BUS INSPECTION, FAIL PERFORM POST-TRIP * c90 §7B(17)",Inspection
323CMR3071: SNOW/REC VEH--EQUIPMENT VIOLATION * 323 CMR §3.07,Snow/Recreational Vehicle
730CMR708JJ0: MASS PIKE--RESTRICTED AREA VIOLATION *  730 CMR §7.08(11)(a),Other
720CMR908G0: STATE HWAY--LEFT LANE RESTRICTION VIOL * 720 CMR §9.08(5)(b),Traffic Violation
"9014E0: MOTOR VEH DOOR, NEGLIGENTLY OPEN c90 §14",Unsafe/Negligent Operation
"907BB0: SCHOOL BUS, OVERCROWDED c90 §7B",Other
730CMR708DD0: MASS PIKE--PARKING $50 VIOLATION * 730 CMR §7.08(3)&(4),Other
"9013B0: ELECTRONIC MESSAGE, OPERATOR SEND/READ * c9",Phone Use
730CMR708F0: MASS PIKE--DISABLED VEH REPAIR/TOW VIOL * 730 CMR §7.08(18),Other
907F0: MOTORCYCLE PASSENGER VIOLATION * c90 §7,Other
"730CMR708N0: MASS PIKE--HEIGHT WARNING SIGNAL, IGNORE *  730 CMR §7.08(19)",Other
730CMR705J0: MASS PIKE--FALLING DEBRIS * 730 CMR §7.05(5)(f),Other
730CMR705R0: MASS PIKE--SIZE VIOLATION * 730 CMR §7.05(5)(i),Other
730CMR706J0: MASS PIKE--PILOT CAR VIOLATION *  730 CMR §7.06(4)(d),Other
"730CMR705AA0: MASS PIKE--WILLIAMS TUNNEL, UNAUTH USE OF * 730 CMR §7.05(4)",Other
"730CMR706K0: MASS PIKE--REDUC LOAD PERMIT, FL CARRY *  730 CMR §7.06(3)(c)(3)",Other
730CMR708Z0: MASS PIKE--NEGLIGENT OP IN CONSTRUCTION ZONE *  730 CMR §7.08(12)(c),Unsafe/Negligent Operation
"730CMR708T0: MASS PIKE--LOADING, NEGLIGENT * 730 CMR §7.08(5)(b)",Unsafe/Negligent Operation
730CMR708EE0: MASS PIKE--PARKING $100 VIOLATION * 730 CMR §7.08(3)&(4),Other
730CMR708H0: MASS PIKE--ENTER/EXIT IMPROPERLY * 730 CMR §7.08(7),Other
730CMR705BB0: MASS PIKE--WINDOW OBSTRUCTED * 730 CMR §7.05(5)(c),Equipment Violation
"730CMR708YY0: MASS PIKE--TRASH, IMPROP DISPOSE OF MAJOR  730 CMR §7.08(24)(b)",Other
730CMR708K0: MASS PIKE--EXCLUDED AREA IN CONSTRUCTION ZONE * 730 CMR §7.08(12)(b),Other
"907BG0: SCHOOL BUS, USE MOBILE PHONE WHILE OPERATING* c90 §7B",Phone Use
"730CMR705G0: MASS PIKE--ENTER/EXIT, UNAUTHORIZED * 730 CMR §7.05(3)",Other
730CMR4190: MASS PIKE TANDEM—CLOSER THAN 500 FT 730,Other
730CMR705DD0: MASS PIKE--WRONG WAY IN CALLAHAN/SUMNER TUNNEL *  730 CMR §7.05(2),Other
"908M0: MOBILE PHONE, OPERATOR UNDER 18 USE * c90 §8M",Phone Use
730CMR705X0: MASS PIKE--TIRE VIOLATION *  730 CMR §7.05(5)(b),Other
90B24C0: SNOW/REC VEH--NOISE VIOLATION * c90B §24,Snow/Recreational Vehicle
"700CMR704B1: MASS PIKE - EZDRIVEMA SYSTEM TOLL, AVOID * 700 CMR §7.04(3)",Toll
730CMR708QQ0: MASS PIKE--SPEEDING IN CONSTRUCTION ZONE *  730 CMR §7.08(12)(a),Speeding
"9014D0: SCHOOL BUS, OPERATE WITHIN 100 FT OF * c90 §14",Other
"730CMR706F0: MASS PIKE--HEIGHT, FAIL DISPLAY *  730 CMR §7.06(4)(f)",Other
740CMR2151B1: LOGAN--TRAFFIC VIOLATION * 740 CMR §21.51,Traffic Violation
90B251: SNOW/REC VEH - PUBLIC WAY VIOL * c90B §25,Snow/Recreational Vehicle
266121A1: TRESPASS WITH MOTOR VEHICLE * c266 §121A,Other
730CMR705V0: MASS PIKE--SPECIAL FUEL WITHOUT PERMIT * 730 CMR §7.05(5)(l),Fuel
90B26C1: SNOW/REC VEH - HELMET VIOLATION * c90B §26(d),Snow/Recreational Vehicle
9017E0: SPEEDING RATE OF SPEED GREATER THAN WAS REASONABLE AND PROPER  c90 §17,Speeding
"9012AA0: MOBILE PHONE, PUBLIC TRANSPORT MV OPERATOR USE * c90 §12A(a)",Phone Use
90B252: SNOW/REC VEH - PUBLIC WAY VIOL * c90B §25,Snow/Recreational Vehicle
730CMR705K0: MASS PIKE--HAZARDOUS MATERIAL W/O PERMIT * 730 CMR §7.05(5)(m),Freight Truck/Haz Mat Volation
730CMR708D0: MASS PIKE--COMMON CARRIER PLATE VIOLATION *  730 CMR §7.08(31),Other
"90B26A1: SNOW/REC VEH - FIREARM, OP WHILE CARRY * c90B §26(g)",Snow/Recreational Vehicle
9024W0: NEGLIGENT OPERATION & INJURY FROM MOBILE PHONE USE c90 §24(2)(a),Unsafe/Negligent Operation
730CMR705U0: MASS PIKE--SPECIAL FUEL VEH IN TUNNEL * 730 CMR §7.05(5)(j),Fuel
323CMR3052: SNOW/REC VEH--NUMBER PLATE VIOLATION * 323 CMR §3.05,Snow/Recreational Vehicle
90B24A4: SNOW/REC VEH - EQUIPMENT VIOLATION * c90B §24,Snow/Recreational Vehicle
730CMR706R0: MASS PIKE--TANDEM IN TUNNEL *  730 CMR §7.06(2)(m),Other
90B231: SNOW/REC VEH - TRANSFER UNREPORTED * c90B §23,Snow/Recreational Vehicle
"9024I0V2: ALCOHOL FROM OPEN CONTAINER IN MV, DRINK",Alcohol
90B211: REC VEH - OPERATOR UNDER 18 WITHOUT SAFETY COURSE * c90B § 21,Other
730CMR705H1: MASS PIKE--EXPLOSIVE WITHOUT PERMIT * 730 CMR §7.05(5)(k),Other
730CMR706S0: MASS PIKE--TANDEM/SADDLEMOUNT IN TUNNEL *  730 CMR §7.06(4)(e),Other
730CMR708AA0: MASS PIKE--NOISE VIOLATION *  730 CMR §7.08(21),Other
"90B26J1: SNOW/REC VEH - PRIVATE PROPERTY, ON * c90B §26(e)",Snow/Recreational Vehicle
"730CMR706M0: MASS PIKE--SPECIAL FUEL PERMIT, FAIL CARRY * 730 CMR §7.06(6)(e)(2)",Fuel
730CMR707Z0: MASS PIKE--TANDEM WITHOUT PERMIT * 730 CMR §7.07(2),Other
90B26H1: SNOW/REC VEH - ALLOW UNDER 18 OPERATE IMPROP * c90B §26(b),Snow/Recreational Vehicle
"90B26K0: SNOW/REC VEH - PUBLIC PROPERTY, ON * c90B §26(e)",Snow/Recreational Vehicle
"140680: USED CAR SALES, UNLICENSED c140 §68",No License
140600: USED CAR REGULATIONS VIOLATION c140 §60,Other
140610: USED CAR DEALER FAIL RETAIN VEH/PARTS c140 §61,Other
90B22B1: SNOW/REC VEH - UNREGISTERED * c90B §22,Snow/Recreational Vehicle
90B24C2: SNOW/REC VEH - NOISE VIOLATION * c90B §24,Snow/Recreational Vehicle
"9023K: LICENSE SUSPENDED, OP MV WITH (CRIMINAL SUBSQ.OFF.) c90 §23",Suspended/Revoked License
5555551: MISCELLANEOUS MUNIC MOTOR VEHICLE ORDINANCE/BYLAW VIOL,Miscellaneous Violation
730CMR707K0: MASS PIKE--TANDEM MAKEUP/BREAKUP VIOLATION * 730 CMR §7.07(28),Other
350CMR401F1: MDC WAY--SPEEDING OVER POSTED LIMIT * 350 CMR §4.01,Speeding
9016B0: IDLE ENGINE OF STOPPED MV ON SCHOOL PROPERTY * c90 §16B(b),Other
720CMR908A1: STATE HWAY--FITZGERALD TUNL CRANE VIOL * 720 CMR §9.08,Other
"90B26L0: SNOW/REC VEH - DAMAGE PROPERTY, ON * c90B §26(f)",Snow/Recreational Vehicle
730CMR705D1: MASS PIKE--BRAKES VIOLATION * 730 CMR §7.05(5)(g),Other
730CMR705F0: MASS PIKE--CONSTRUCTION EQUIPMENT *  730 CMR §7.05(5)(e),Other
730CMR705Y0: MASS PIKE--TOW WITH NON-RIGID DEVICE * 730 CMR §7.05(5)(o),Other
9024LF3: OUI-LIQUOR OR .08% & SERIOUS INJURY & RECKLESS c90 §24L(1),OUI
730CMR708CC0: MASS PIKE--PARKING $30 VIOLATION * 730 CMR §7.08(3)&(4),Other
9024LB2: OUI-DRUGS & SERIOUS INJURY & NEGLIGENT c90 §24L(1),Drugs
730CMR705N0: MASS PIKE--PASSENGER OUTSIDE VEH * 730 CMR §7.05(5)(a),Other
"8515C0: LIGHTS VIOLATION *, WINDSHIELD WIPERS ON c85 §15",Lights Violation
"9024U5: OUI--DRUGS, 5TH OFFENSE c90 §24(1)(a)(1)",Drugs
730CMR706G0: MASS PIKE--OVERSIZE CONSTR VEH W/O PERMIT *  730 CMR §7.06(4)(c)(2),Other
730CMR706Q0: MASS PIKE--SPECIAL FUEL VEH VIOL LAW/REGUL * 730 CMR §7.06(6)(e)(6),Fuel
"90B22A1: SNOW/REC VEH - ADDRESS CHANGE, FAIL * c90B §22",Snow/Recreational Vehicle
730CMR705S0: MASS PIKE--SMOKING/ODOROUS VEH * 730 CMR §7.05(5)(o),Other
730CMR707B0: MASS PIKE--TANDEM AXLE VIOLATION * 730 CMR §7.07(10),Other
"90C10D0: CITATION, FALSIFY c90C §10",Other
"700CMR708Q0: MASS PIKE - INSPECTION STICKER, NO *   700 CMR §7.08(26)",Inspection
700CMR708U0: MASS PIKE - MARKED LANES VIOLATION *  700 CMR §7.08(8),Improper Lane Change
"700CMR708KK0: MASS PIKE - RIGHT LANE, FAIL KEEP TO *  700 CMR §7.08(13)",Traffic Violation
"700CMR708LL0: MASS PIKE - SIGN, FAIL OBEY * 700 CMR §7.08(1)(a)",Sign/Signal/Light Violation
700CMR7090: MASS PIKE - MOTOR CARRIER SAFETY ACT VIOL * 700 CMR §7.09,Freight Truck/Haz Mat Volation
700CMR7100: MASS PIKE - HAZARDOUS MATERIAL VIOLATION * 700 CMR §7.10,Freight Truck/Haz Mat Volation
700CMR708J0: MASS PIKE - EQUIPMENT VIOLATON *  700 CMR §7.08(27),Equipment Violation
700CMR708TT0: MASS PIKE - STOP/BACK/U-TURN *  700 CMR §7.08(17)(a)&(b),Other
"94C34D0: DRUG, POSSESS CLASS B, SUBSQ.OFF. c94C §34",Drugs
700CMR1105L0: TOBIN BRIDGE - TRAFFIC VIOLATION * 700 CMR §11.05,Traffic Violation
730CMR707C0: MASS PIKE--TANDEM BRAKES VIOLATION * 730 CMR §7.07(9),Other
730CMR706C0: MASS PIKE--EXPLOSIVES VEH STOP IMPROP * 730 CMR §7.06(5)(f)(5),Other
700CMR708VV0: MASS PIKE - TOO CLOSE *  700 CMR §7.08(15),Traffic Violation
"700CMR708L0: MASS PIKE - FUEL, INADEQUATE *  700 CMR §7.08(23)",Fuel
730CMR707R0: MASS PIKE--TANDEM SIZE VIOLATION *  730 CMR §7.07(3)&(5),Other
700CMR1105K0: TOBIN BRIDGE - SPEEDING OVER POSTED LIMIT * 700 CMR §11.05(11),Speeding
"9012C1: UNLICENSED/SUSPENDED OPERATION OF MV, PERMIT c90 §12(b)",No License
9010D2: JUNIOR OPERATOR OP 12:30-5 AM W/O PARENT c90 §10,Other
"9010C2: LICENSE RESTRICTION, OPERATE MV IN VIOL c90 §10",Other License Violation
"94C34L1: MARIHUANA +1 OZ, POSSESS c94C  §34",Drugs
"9010B2: LICENSE CLASS, OPERATE MV IN VIOLATION c90 §10",Other License Violation
"94C32EA3: COCAINE, TRAFFICKING IN 28 GRAMS OR MORE, LESS THAN 100 GRAMS  c94C §32E(b)",Drugs
"94C32EA2: COCAINE, TRAFFICKING IN 18 GRAMS OR MORE, LESS THAN 36 GRAMS  c94C §32E(b)",Drugs
720CMR908H0: STATE HWAY--SOUTH BOSTON HAUL ROAD VIOLATION * 720 CMR §9.08(6)(a),Other
"90B26N0: SNOW/REC VEH - REGISTRATION REVOKED, OP WITH * c90B §26(h)",Snow/Recreational Vehicle
"90B26G2: SNOW/REC VEH - WILDLIFE, HARASS * c90B §26(f)",Snow/Recreational Vehicle
700CMR708R0: MASS PIKE - LEFT LANE RESTRICTION * 700 CMR §7.08(11)(b),Traffic Violation
"9023L0: LICENSE REVOKED AS HTO, OPERATE MV WITH (CRIMINAL) c90 §23",Other License Violation
"700CMR5401F0: DOT WAY - SIGN/SIGNAL VIOL * 700 CMR §5.401(1), (6)-(7)",Fail to stop/yield/slow/signal
730CMR707E0: MASS PIKE--TANDEM EMERGENCY EQUIP VIOL * 730 CMR §7.07(11),Obstruct Emergency Vehicle
"94C32EF0: HEROIN/MORPHINE/OPIUM, TRAFFICKING IN 36 GRAMS OR MORE, LESS THAN 100 GRAMS c94C §32E(c)",Drugs
700CMR708JJ0: MASS PIKE - RESTRICTED AREA VIOLATION *  700 CMR §7.08(11)(a),Other
9015E0: RAILROAD CROSSING VIOL W/SCHL BUS/EXPLOSIVES/FLAMMABLES * c90 §15,Other
730CMR707P0: MASS PIKE--TANDEM REPORT/OBSERVATION VIOL * 730 CMR §7.07(23),Other
"730CMR707X0: MASS PIKE--TANDEM TRAILER, UNAPPROVED * 730 CMR §7.07(8)",Other
730CMR706D0: MASS PIKE--EXPLOSIVES VEH VIOL LAW/REGUL *  730 CMR §7.06(5)(f)(6),Other
"730CMR706A0: MASS PIKE--EXPLOSIVES PERMIT, FAIL CARRY *  730 CMR §7.06(5)(f)(2)",Other
"730CMR706L0: MASS PIKE--SPECIAL FUEL CARGO SIGNS, NO *  730 CMR §7.06(6)(e)(2)",Fuel
"730CMR707W0: MASS PIKE--TANDEM TRACTOR, UNAPPROVED * 730 CMR §7.07(7)",Other
730CMR707G0: MASS PIKE--TANDEM INSPECTION VIOLATION * 730 CMR §7.07(17),Inspection
700CMR1105A0: TOBIN BRIDGE - EQUIPMENT VIOL * 700 CMR §11.05(4)(b),Equipment Violation
730CMR707D0: MASS PIKE--TANDEM DOLLY/CHAIN/CABLE VIOL * 730 CMR §7.07(14),Other
"730CMR704A1: MASS PIKE--ETC SYSTEM/LANE, UNAUTH USE * 730 CMR §7.04(1)",Other
"700CMR706E0: MASS PIKE - HEIGHT CLEARANCE, FAIL CHECK  *  700 CMR §7.06(4)(g)",Other
"266113A0: TREES, CUT/DESTROY c266 §113",Other
730CMR705H0: MASS PIKE--EXPLOSIVE WITHOUT PERMIT * 730 CMR §7.05(5)(k),Other
730CMR707T0: MASS PIKE--TANDEM SUSPENDED OPERATION  VIOL * 730 CMR §7.07(27),Other
"700CMR5201A1: DOT WAY-ENTRY/EXIT, IMPROPER MV * 700 CMR §5.201(2)(a)",Other
"730CMR707V0: MASS PIKE--TANDEM TOW VEH, UNAPPROVED *  730 CMR §7.07(6)",Other
700CMR708H0: MASS PIKE - ENTER/EXIT IMPROPERLY * 700 CMR §7.08(7),Other
"730CMR708S0: MASS PIKE--LIQUOR, UNLAWFULLY TRANSPORT *  730 CMR §7.08(29)",Alcohol
730CMR707J0: MASS PIKE--TANDEM LIGHTS VIOLATION * 730 CMR §7.07(16),Lights Violation
9024LC2: OUI-DRUGS & SERIOUS INJURY & RECKLESS c90 §24L(1),Drugs
700CMR708A0: MASS PIKE - BREAKDOWN LANE VIOLATION *  700 CMR §7.08(9),Traffic Violation
730CMR708B0: MASS PIKE--COASTING VIOLATION *  730 CMR §7.08(16),Other
700CMR708E0: MASS PIKE - CROSS-OVER VIOLATION *  700 CMR §7.08(10)(b),Other
"9012A1: UNLICENSED OPERATOR, EMPLOY * c90 §12(a)",No License
"700CMR708UU0: MASS PIKE - STOP/TURN, FAIL SIGNAL *  700 CMR §7.08(17)(c)",Fail to stop/yield/slow/signal
700CMR708Y0: MASS PIKE - NEGLIGENT OPERATION * 700 CMR §7.08(5)(a),Unsafe/Negligent Operation
700CMR708FF0: MASS PIKE - PASSING VIOLATION * 700 CMR §7.08(14),Traffic Violation
266117A0: TRESPASS FOR TREE/PLANT/FRUIT  c266 §117,Other
700CMR705BB0: MASS PIKE - WINDOW OBSTRUCTED * 700 CMR §7.05(4)(c),Equipment Violation
"94C32EB2: COCAINE, TRAFFICKING IN, 36 GRAMS OR MORE, LESS THAN 100 GRAMS c94C §32E(b)",Drugs
"700CMR708GG0: MASS PIKE - POLICE ORDERS, FAIL OBEY *  700 CMR §7.08(1)(b)",Disobey Police
"700CMR708T0: MASS PIKE - LOADING, NEGLIGENT * 700 CMR §7.08(5)(b)",Unsafe/Negligent Operation
700CMR5401H0: DOT WAY - SPEEDING * 700 CMR §5.401(2),Speeding
700CMR708D0: MASS PIKE - COMMON CARRIER PLATE VIOLATION *  700 CMR §7.08(31),Other
"700CMR703B0: MASS PIKE - TOLL, EVADE  * 700 CMR §7.03(3)",Toll
700CMR708QQ0: MASS PIKE - SPEEDING IN CONSTRUCTION ZONE *  700 CMR §7.08(12)(a),Speeding
700CMR708RR0: MASS PIKE - SPEEDING OVER POSTED LIMIT *  700 CMR §7.08(6)(c),Speeding
700CMR708M0: MASS PIKE - HEADLIGHT HIGH BEAM VIOLATION *  700 CMR §7.08(22),Lights Violation
700CMR708C0: MASS PIKE - COMMON CARRIER FL STOP FOR POLICE *  700 CMR §7.08(30),Disobey Police
"700CMR703A0: MASS PIKE - TOLL BOOTH, FAIL STOP AT *  700 CMR §7.03(2)",Toll
"700CMR704A0: MASS PIKE - ETC SYSTEM/LANE, UNAUTH USE * 700 CMR §7.04(1)",Other
"700CMR707M0: MASS PIKE - TANDEM OPERATOR, UNREGISTERED * 700 CMR §7.07(18)",No Registration
700CMR706J: MASS PIKE - PILOT CAR VIOLATION *  700 CMR §7.06(4)(d),Other
700CMR708SS0: MASS PIKE - SPEEDING TO ENDANGER *  700 CMR §7.08(6)(b),Speeding
"700CMR708WW0: MASS PIKE - TRAFFIC LIGHT, FAIL OBEY * 700 CMR §7.08(2)",Sign/Signal/Light Violation
700CMR705R0: MASS PIKE - SIZE VIOLATION * 700 CMR §7.05(4)(i),Other
700CMR708K 0: MASS PIKE - EXCLUDED AREA IN CONSTRUCTION ZONE *  700 CMR §7.08(12)(b,Other
700CMR705Z0: MASS PIKE - WEIGHT VIOLATION * 700 CMR §7.05(4)(h),Other
"94C32EM0: PHENMETRAZINE, TRAFFICKING IN 18 GRAMS OR MORE, LESS THAN 36 GRAMS  c94C §32E(b)",Other
"700CMR706F0: MASS PIKE - HEIGHT, FAIL DISPLAY *  700 CMR §7.06(4)(f)",Other
"700CMR704B0: MASS PIKE - ETC TOLL, AVOID * 700 CMR §7.04(3)",Toll
700CMR705V0: MASS PIKE - SPECIAL FUEL WITHOUT PERMIT * 700 CMR §7.05(4)(l),Fuel
700CMR707F0: MASS PIKE - TANDEM GROSS WEIGHT VIOL * 700 CMR §7.07(4)&(5),Other
700CMR705K0: MASS PIKE - HAZARDOUS MATERIAL W/O PERMIT * 700 CMR §7.05(4)(m),Freight Truck/Haz Mat Volation
700CMR705CC0: MASS PIKE - WRONG WAY * 700 CMR §7.05(1),Other
"700CMR705G0: MASS PIKE - ENTER/EXIT, UNAUTHORIZED * 700 CMR §7.05(3)",Other
"700CMR708N0: MASS PIKE - HEIGHT WARNING SIGNAL, IGNORE *  700 CMR §7.08(19)",Other
700CMR705X0: MASS PIKE - TIRE VIOLATION * 700 CMR §7.05(4)(b),Other
700CMR706Q0: MASS PIKE - SPECIAL FUEL VEH VIOL LAW/REGUL * 700 CMR §7.06(6)(e)(6),Fuel
700CMR708AA0: MASS PIKE - NOISE VIOLATION *  700 CMR §7.08(21),Other
700CMR705J0: MASS PIKE - FALLING DEBRIS * 700 CMR §7.05(4)(f),Other
700CMR707R0: MASS PIKE - TANDEM SIZE VIOLATION *  700 CMR §7.07(3)&(5),Other
700CMR708V0: MASS PIKE - MEDIAN/EXCLUDED AREA VIOLATION * 700 CMR §7.08(10)(a),Other
700CMR705DD0: MASS PIKE - WRONG WAY IN CALLAHAN/SUMNER TUNNEL *  700 CMR §7.05(2,Other
700CMR707D0: MASS PIKE - TANDEM DOLLY/CHAIN/CABLE VIOL * 700 CMR §7.07(14),Other
700CMR1105E0: TOBIN BRIDGE - LOAD UNSECURED/UNCOVERED * 700 CMR §11.05(5)(g),Other
"90B26B2: SNOW/REC VEH - GROWING STOCK, DAMAGE * c90B §26(f)",Snow/Recreational Vehicle
700CMR706G0: MASS PIKE - OVERSIZE CONSTR VEH W/O PERMIT  *  700 CMR §7.06(4)(c)(2),Other
700CMR708P0: MASS PIKE - IDLING *  700 CMR §7.08(28),Other
"700CMR707X0: MASS PIKE - TANDEM TRAILER, UNAPPROVED * 700 CMR §7.07(8)",Other
"9022BB0: ABANDON MV, SUBSQ.OFF. c90 §22B(a)",Other
"700CMR706A0: MASS PIKE - EXPLOSIVES PERMIT, FAIL CARRY *  700 CMR §7.06(5)(f)(2)",Other
"9024I7: OUI-DRUGS, 4TH OFFENSE c90 §24(1)(a)(1)",Drugs
700CMR707S0: MASS PIKE - TANDEM SPEED VIOLATION * 700 CMR §7.07(19),Other
700CMR708W0: MASS PIKE - MINIMUM SPEED VIOLATION * 700 CMR §7.08(6)(c),Other
700CMR705S0: MASS PIKE - SMOKING/ODOROUS VEH * 700 CMR §7.05(4)(o),Other
700CMR705N0: MASS PIKE - PASSENGER OUTSIDE VEH * 700 CMR §7.05(4)(a),Other
700CMR707Z0: MASS PIKE - TANDEM WITHOUT PERMIT * 700 CMR §7.07(2),Other
"700CMR1103A0: TOBIN BRIDGE - TOLL, FAIL PAY * 700 CMR §11.03(3)",Toll
"700CMR708XX0: MASS PIKE - TRASH, IMPROP DISPOSE OF MINOR  700 CMR §7.08(24)(a)",Other
700CMR707E0: MASS PIKE - TANDEM EMERGENCY EQUIP VIOL * 700 CMR §7.07(11),Obstruct Emergency Vehicle
700CMR705D0: MASS PIKE - BRAKES VIOLATION  * 700 CMR §7.05(4)(g),Other
8530AA0: WEIGHT VIOL ON COUNTY WAY & NO STICKER * c85 §30A,Other
"700CMR706M0: MASS PIKE - SPECIAL FUEL PERMIT, FAIL CARRY * 700 CMR §7.06(6)(e)(2)",Fuel
"700CMR706K0: MASS PIKE - REDUC LOAD PERMIT, FL CARRY *  700 CMR §7.06(3)(c)(3)",Other
"700CMR708YY0: MASS PIKE - TRASH, IMPROP DISPOSE OF MAJOR  700 CMR §7.08(24)(b)",Other
700CMR706N0: MASS PIKE - SPECIAL FUEL VEH OP TOO CLOSE * 700 CMR §7.06(6)(e)(4),Fuel
700CMR708G0: MASS PIKE - DUTY STATUS RECORD VIOLATION *  700 CMR §7.08(32),Other
700CMR707J 0: MASS PIKE - TANDEM LIGHTS VIOLATION * 700 CMR §7.07(16),Lights Violation
700CMR1105J0: TOBIN BRIDGE - PROHIBITED VEHICLE * 700 CMR §11.05(3),Other
700CMR708B0: MASS PIKE - COASTING VIOLATION *  700 CMR §7.08(16),Other
700CMR708X0: MASS PIKE - MUFFLER CUTOUT *  700 CMR §7.08(20),Other
"9024V5: OUI--LIQUOR OR .08%, 5TH OFFENSE c90 §24(1)(a)(1)",OUI
90B26BC0: SNOW/REC VEH - NEGLIGENT/RECKLESS OP c90B §26B(a),Snow/Recreational Vehicle
"26628H0: MOTOR VEH, TAKING & STEALING PARTS c266 §28(a)",Other
700CMR708Z0: MASS PIKE - NEGLIGENT OP IN CONSTRUCTION ZONE *  700 CMR §7.08(12)(c),Unsafe/Negligent Operation
700CMR707B0: MASS PIKE - TANDEM AXLE VIOLATION * 700 CMR §7.07(10),Other
"700CMR706L0: MASS PIKE - SPECIAL FUEL CARGO SIGNS, NO *  700 CMR §7.06(6)(e)(2)",Fuel
700CMR706R0: MASS PIKE - TANDEM IN TUNNEL *  700 CMR §7.06(2)(m),Other
9024LE3: OUI-LIQUOR OR .08% & SERIOUS INJURY & NEGLIGENT c90 §24L(1),OUI
700CMR5401J0: DOT WAY - SPEEDING OVER POSTED LIMIT * 700 CMR §5.401(2),Speeding
700CMR706P0: MASS PIKE - SPECIAL FUEL VEH STOP IMPROP * 700 CMR §7.06(6)(e)(5),Fuel
700CMR707K0: MASS PIKE - TANDEM MAKEUP/BREAKUP VIOLATION * 700 CMR §7.07(28),Other
90B8C4: BOAT OUI--LIQUOR OR .08% c90B §8(a),OUI
9024LA2: OUI-DRUGS & SERIOUS INJURY c90 §24L(2),Drugs
700CMR707C0: MASS PIKE - TANDEM BRAKES VIOLATION * 700 CMR §7.07(9),Other
"700CMR1103B0: TOBIN BRIDGE - TOLL, EVADE * 700 CMR §11.03(6)",Toll
908JA0: RMV ID CARD ADDRESS CHANGE c90 §8J,Other
"9012AB0: MOBILE PHONE, PUBLIC TRANSPORT NON-MV OPERATOR USE c90 §12A(a)",Phone Use
"907YA0: INSPECTOR, UNCERTIFIED MV c90 §7Y",Other
"94C32AI0: METHAMPHETAMINE, DISTRIBUTE c94C §32A(c)",Other
700CMR705U0: MASS PIKE - SPECIAL FUEL VEH IN TUNNEL * 700 CMR §7.05(4)(j),Fuel
94G13E0: OPEN CONTAINER MARIJUANA IN VEHICLE c94G §13(d),Drugs
"94C32ER0: METHAMPHETAMINE, TRAFFICKING IN 18 GRAMS OR MORE, LESS THAN 36 GRAMS  c94C §32E(b)",Other
90B26BE0: SNOW/REC VEH - NEGLIGENT/RECKLESS OP & SERIOUS INJURY c90B §26B(d),Snow/Recreational Vehicle
700CMR709PP0: MASS PIKE - SPEEDING * 700 CMR §7.09(6)(a),Speeding
"94C32EQ0: FENTANYL, TRAFFICKING IN MORE THAN 10 GRAMS c.94C, §32E(c½)",Other
"13834B0: LIQUOR ID CARD/LICENSE, FALSE/MISUSE c138 §34B",Alcohol
90B26BB0: SNOW/REC VEH - LEAVE SCENE OF PROPERTY DAMAGE c90B §26B(b),Snow/Recreational Vehicle
"700CMR708S0: MASS PIKE - LIQUOR, UNLAWFULLY TRANSPORT *  700 CMR §7.08(29)",Alcohol
90B26BA0: SNOW/REC VEH - LEAVE SCENE OF PERSONAL INJURY c90B §26B(c),Snow/Recreational Vehicle
700CMR705F0: MASS PIKE - CONSTRUCTION EQUIPMENT *  700 CMR §7.05(4)(e),Other
"907PB0: HEIGHT, MODIFY MV c90 §7P",Other
9017A4: SPEEDING RATE OF SPEED EXCEEDING POSTED LIMIT  c90 §17,Speeding
740CMR2303A1: LOGAN--CARRIER $50 VIOLATION * 740 CMR §23.03,Other
"90B8IA0: BOAT, LEAVE SCENE OF PERSONAL INJURY BY c90B §8(e)(1)",Boat
740CMR23041: LOGAN--CARRIER $50 VIOLATION * 740 CMR §23.04,Other
740CMR23021: LOGAN--CARRIER $100 VIOLATION * 740 CMR §23.02,Other
700CMR707G0: MASS PIKE - TANDEM INSPECTION VIOLATION * 700 CMR §7.07(17),Inspection
700CMR706S0: MASS PIKE - TANDEM/SADDLEMOUNT IN TUNNEL *  700 CMR §7.06(4)(e),Other
700CMR708J1: MASS PIKE - TANDEM LIGHTS VIOLATION * 700 CMR §7.08(16),Lights Violation
700CMR708Y1: MASS PIKE - TANDEM VEH ID VIOLATION * 700 CMR §7.08(12),Other
700CMR708L1: MASS PIKE - TANDEM OFF TURNPIKE * 700 CMR §7.08(2),Other
700CMR708U1: MASS PIKE - TANDEM TOO CLOSE * 700 CMR §7.08(20),Traffic Violation
700CMR708R1: MASS PIKE - TANDEM SIZE VIOLATION *  700 CMR §7.08(3)&(5),Other
700CMR708T1: MASS PIKE - TANDEM SUSPENDED OPERATION  VIOL * 700 CMR §7.08(27),Other
700CMR708Q1: MASS PIKE - TANDEM SINGLE-UNIT INDICATION VIOL* 700 CMR §7.08(15),Other
700CMR7101: MASS PIKE - MOTOR CARRIER SAFETY ACT VIOL * 700 CMR §7.10,Freight Truck/Haz Mat Volation
700CMR708S1: MASS PIKE - TANDEM SPEED VIOLATION * 700 CMR §7.08(19),Other
700CMR709Y0: MASS PIKE - NEGLIGENT OPERATION * 700 CMR §7.09(5)(a),Unsafe/Negligent Operation
700CMR709TT0: MASS PIKE - STOP/BACK/U-TURN *  700 CMR §7.09(17)(a)&(b),Other
700CMR708A1: MASS PIKE - TANDEM ASSEMBLY VIOLATION * 700 CMR §7.08(13),Other
"700CMR708V1: MASS PIKE - TANDEM TOW VEH, UNAPPROVED *  700 CMR §7.08(6)",Other
"700CMR706G1: MASS PIKE - ENTER/EXIT, UNAUTHORIZED * 700 CMR §7.06(3)",Other
700CMR708N1: MASS PIKE - TANDEM PASSING VIOLATION * 700 CMR §7.08(22),Traffic Violation
700CMR708E1: MASS PIKE - TANDEM EMERGENCY EQUIP VIOL * 700 CMR §7.08(11),Obstruct Emergency Vehicle
700CMR708H1: MASS PIKE - TANDEM INSURANCE CERTIF NOT FILED *  700 CMR §7.08(21),Uninsured
"700CMR709GG0: MASS PIKE - POLICE ORDERS, FAIL OBEY *  700 CMR §7.09(1)(b)",Disobey Police
"700CMR709LL0: MASS PIKE - SIGN, FAIL OBEY * 700 CMR §7.09(1)(a)",Sign/Signal/Light Violation
"700CMR707F1: MASS PIKE - HEIGHT, FAIL DISPLAY *  700 CMR §7.07(4)(f)",Other
"700CMR708M1: MASS PIKE - TANDEM OPERATOR, UNREGISTERED * 700 CMR §7.08(18)",No Registration
700CMR708P1: MASS PIKE - TANDEM REPORT/OBSERVATION VIOL * 700 CMR §7.08(23),Other
730CMR705W0: MASS PIKE--SPECIAL RISK VEH IN TUNNEL * 730 CMR §7.05(5)(n),Other
"700CMR708W1: MASS PIKE - TANDEM TRACTOR, UNAPPROVED * 700 CMR §7.08(7)",Other
700CMR706K1: MASS PIKE - HAZARDOUS MATERIAL W/O PERMIT * 700 CMR §7.06(4)(m),Freight Truck/Haz Mat Volation
"94C25C0: DRUG LABEL, REMOVE/ALTER c94C §25(4)",Drugs
700CMR708Z1: MASS PIKE - TANDEM WITHOUT PERMIT * 700 CMR §7.08(2),Other
"9024R0: USE MV WITHOUT AUTHORITY, 3RD OFF. c90 §24(2)(a)",Other
"90B26Q0: ALL TERRAIN/REC UTILITY VEH, UNDERAGE OP, SUBSQ.OFF. c90B §26(a)",Other
700CMR709E0: MASS PIKE - CROSS-OVER VIOLATION *  700 CMR §7.09(10)(b),Other
"700CMR709L0: MASS PIKE - FUEL, INADEQUATE *  700 CMR §7.09(23)",Fuel
700CMR709VV0: MASS PIKE - TOO CLOSE *  700 CMR §7.09(15),Traffic Violation
700CMR709FF0: MASS PIKE - PASSING VIOLATION * 700 CMR §7.09(14),Traffic Violation
700CMR707D1: MASS PIKE - EXPLOSIVES VEH VIOL LAW/REGUL *  700 CMR §7.07(5)(f)(6),Other
"700CMR707M1: MASS PIKE - SPECIAL FUEL PERMIT, FAIL CARRY * 700 CMR §7.07(6)(e)(2)",Fuel
700CMR707T0: MASS PIKE - TANDEM SUSPENDED OPERATION  VIOL * 700 CMR §7.07(27),Other
90B26AB0: SNOW/REC VEH - OUI BY +21 - LIQUOR OR .08% c90B §26A(a),OUI
700CMR709J0: MASS PIKE - EQUIPMENT VIOLATON *  700 CMR §7.09(27),Equipment Violation
700CMR708K1: MASS PIKE - TANDEM MAKEUP/BREAKUP VIOLATION * 700 CMR §7.08(28),Other
"700CMR709T0: MASS PIKE - LOADING, NEGLIGENT * 700 CMR §7.09(5)(b)",Unsafe/Negligent Operation
700CMR709R0: MASS PIKE - LEFT LANE RESTRICTION * 700 CMR §7.09(11)(b),Traffic Violation
700CMR709D0: MASS PIKE - COMMON CARRIER PLATE VIOLATION *  700 CMR §7.09(31),Other
"700CMR709Q0: MASS PIKE - INSPECTION STICKER, NO *   700 CMR §7.09(26)",Inspection
"700CMR709KK0: MASS PIKE - RIGHT LANE, FAIL KEEP TO *  700 CMR §7.09(13)",Traffic Violation
700CMR709U0: MASS PIKE - MARKED LANES VIOLATION *  700 CMR §7.09(8),Improper Lane Change
"700CMR709UU0: MASS PIKE - STOP/TURN, FAIL SIGNAL *  700 CMR §7.09(17)(c)",Fail to stop/yield/slow/signal
700CMR7111: MASS PIKE - HAZARDOUS MATERIAL VIOLATION * 700 CMR §7.11,Freight Truck/Haz Mat Volation
700CMR707R1: MASS PIKE - TANDEM IN TUNNEL *  700 CMR §7.07(2)(m),Other
700CMR709SS0: MASS PIKE - SPEEDING TO ENDANGER *  700 CMR §7.09(6)(b),Speeding
700CMR709H0: MASS PIKE - ENTER/EXIT IMPROPERLY * 700 CMR §7.09(7),Other
700CMR707J1: MASS PIKE - PILOT CAR VIOLATION *  700 CMR §7.07(4)(d),Other
700CMR708B1: MASS PIKE - TANDEM AXLE VIOLATION * 700 CMR §7.08(10),Other
700CMR709QQ0: MASS PIKE - SPEEDING IN CONSTRUCTION ZONE *  700 CMR §7.09(12)(a),Speeding
"700CMR708X1: MASS PIKE - TANDEM TRAILER, UNAPPROVED * 700 CMR §7.08(8)",Other
700CMR709X0: MASS PIKE - MUFFLER CUTOUT *  700 CMR §7.09(20),Other
700CMR709A0: MASS PIKE - BREAKDOWN LANE VIOLATION *  700 CMR §7.09(9),Traffic Violation
700CMR709W0: MASS PIKE - MINIMUM SPEED VIOLATION * 700 CMR §7.09(6)(c),Other
700CMR709G0: MASS PIKE - DUTY STATUS RECORD VIOLATION *  700 CMR §7.09(32),Other
700CMR709V0: MASS PIKE - MEDIAN/EXCLUDED AREA VIOLATION * 700 CMR §7.09(10)(a),Other
700CMR709RR0: MASS PIKE - SPEEDING OVER POSTED LIMIT *  700 CMR §7.09(6)(c),Speeding
700CMR706CC0: MASS PIKE - WRONG WAY * 700 CMR §7.06(1),Other
700CMR706J1: MASS PIKE - FALLING DEBRIS * 700 CMR §7.06(4)(f),Other
700CMR706R1: MASS PIKE - SIZE VIOLATION * 700 CMR §7.06(4)(i),Other
700CMR708D1: MASS PIKE - TANDEM DOLLY/CHAIN/CABLE VIOL * 700 CMR §7.08(14),Other
700CMR706F1: MASS PIKE - CONSTRUCTION EQUIPMENT *  700 CMR §7.06(4)(e),Other
9024F6: OUI-DRUGS c90 §24(1)(a)(1),Drugs
700CMR709JJ0: MASS PIKE - RESTRICTED AREA VIOLATION *  700 CMR §7.09(11)(a),Other
700CMR706Z0: MASS PIKE - WEIGHT VIOLATION * 700 CMR §7.06(4)(h),Other
700CMR7120: MASS PIKE - DISABLED VEH REPAIR/TOW VIOL *  700 CMR §7.12,Other
"700CMR709WW0: MASS PIKE - TRAFFIC LIGHT, FAIL OBEY * 700 CMR §7.09(2)",Sign/Signal/Light Violation
700CMR5401D0: DOT WAY - PLEASURE VEH RESTRICTION VIOL * 700 CMR §5.401(10),Other
"9024BE0: RMV SIGNATURE, POSSESS/USE FALSE/STOLEN c90 §24B",Other
700CMR709P0: MASS PIKE - IDLING *  700 CMR §7.09(28),Other
"700CMR709N0: MASS PIKE - HEIGHT WARNING SIGNAL, IGNORE *  700 CMR §7.09(19",Other
700CMR707G1: MASS PIKE - OVERSIZE CONSTR VEH W/O PERMIT *  700 CMR §7.07(4)(c)(2),Other
700CMR706N1: MASS PIKE - PASSENGER OUTSIDE VEH * 700 CMR §7.06(4)(a),Other
700CMR707S1: MASS PIKE - TANDEM/SADDLEMOUNT IN TUNNEL *  700 CMR §7.07(4)(e),Other
8511BX0: BICYCLE VIOLATION c85 §11B,Other
700CMR709F0: MASS PIKE - DISABLED VEH REPAIR/TOW VIOL *  700 CMR §7.09(18),Other
"700CMR709YY0: MASS PIKE - TRASH, IMPROP DISPOSE OF MAJOR  700 CMR §7.09(24)(b)",Other
700CMR706DD0: MASS PIKE - WRONG WAY IN CALLAHAN/SUMNER TUNNEL *  700 CMR §7.06(2),Other
700CMR707B1: MASS PIKE - EXPLOSIVES VEH OP TOO CLOSE *  700 CMR §7.07(5)(f)(4),Traffic Violation
700CMR706X0: MASS PIKE - TIRE VIOLATION *  700 CMR §7.06(4)(b),Other
"700CMR707K1: MASS PIKE - REDUC LOAD PERMIT, FL CARRY *  700 CMR §7.07(3)(c)(3)",Other
700CMR709M0: MASS PIKE - HEADLIGHT HIGH BEAM VIOLATION *  700 CMR §7.09(22),Lights Violation
9017B2: SPEEDING WHILE OVERWEIGHT VIOL PERMIT * c90 §17,Speeding
700CMR709Z0: MASS PIKE - NEGLIGENT OP IN CONSTRUCTION ZONE *  700 CMR §7.09(12)(c),Unsafe/Negligent Operation
"700CMR707E1: MASS PIKE - HEIGHT CLEARANCE, FAIL CHECK *  700 CMR §7.07(4)(g)",Other
700CMR706BB0: MASS PIKE - WINDOW OBSTRUCTED * 700 CMR §7.06(4)(c),Equipment Violation
"9012B1: UNLICENSED OPERATOR, EMPLOY, SUBSQ. OFF. c90 §12(a)",No License
85340: WEIGHT VIOLATION ON BRIDGE * c85 §34,Other
700CMR706W0: MASS PIKE - SPECIAL RISK VEH IN TUNNEL * 700 CMR §7.06(4)(n),Other
"140174FA0: ANIMAL CONFINED IN MV EXTREME HEAT OR COLD, FIRST OFF c140 §174F(a)",Other
700CMR706S1: MASS PIKE - SMOKING/ODOROUS VEH * 700 CMR §7.06(4)(o),Other
"9023B0: LICENSE, EXHIBIT ANOTHERS, SUBSQ.OFF. c90 §23",Other License Violation
700CMR5401A0: DOT WAY-CROSSWALK VIOLATION * 700 CMR §5.401(8),Traffic Violation
"26628E0: MOTOR VEH, MALICIOUS DAMAGE TO,SUBSQ.OFF c266 §28(a)",Other
9017A3: SPEEDING RATE OF SPEED GREATER THAN WAS REASONABLE AND PROPER  c90 §17,Speeding
700CMR708G1: MASS PIKE - TANDEM INSPECTION VIOLATION * 700 CMR §7.08(17),Inspection
700CMR707P1: MASS PIKE - SPECIAL FUEL VEH STOP IMPROP * 700 CMR §7.07(6)(e)(5),Fuel
"159A7A0: TRANSPORTATION NETWORK, DRIVER PROVIDE DRIVER ID TO ANOTHER , FIRST OFFENSE  c. 159A 1/2 § 7",Other
700CMR709C0: MASS PIKE - COMMON CARRIER FL STOP FOR POLICE *  700 CMR §7.09(30),Disobey Police
"9024H7: OUI-DRUGS, 3RD OFFENSE c90 §24(1)(a)(1)",Drugs
"700CMR709XX0: MASS PIKE - TRASH, IMPROP DISPOSE OF MINOR  700 CMR §7.09(24)(a)",Other
"266139C0: MOTOR VEH WITH DEFACED VIN, POSSESS/RECV c266 §139(c)",Other
"94C32EC1: COCAINE, TRAFFICKING IN, 100 GRAMS OR MORE, LESS THAN 200 GRAMS c94C §32E(b)",Drugs
700CMR5401C0: DOT WAY - FAIL SIGNAL TURN * 700 CMR §5.401(4),Fail to stop/yield/slow/signal
9017D0: SPEEDING SCHOOL BUS OVER 40 MPH c90 §17,Speeding
"907BD0: SCHOOL BUS SAFETY, FAIL TEACH, 2ND OFF. c90 §7B(15)",Other
"9012D1: UNLICENSED/SUSPENDED OPERATION OF MV, PERMIT, SUBSQ. OFF. c90 §12(b)",No License
"9012F: IGNITION INTERLOCK, PERMIT OPERATION WITHOUT, SUBSQ. OFF c90 §12(c)",Other
RET11958B: JUDGED DELINQUENT,Other
"27016G1: TRASH, DUMP FROM MV +7 CU FT c270 §16",Other
94G13D0: NULL,Other
"159A7D0: TRANSPORTATION NETWORK DRIVER FRAUD OR FALSE ID, FIRST OFFENSE  c. 159A 1/2 § 7",Other
"90D32C0: TITLE, FALSE STATEMENT IN APPLIC FOR MV c90D §32(a)",Other
"907G0: EQUIPMENT, SELL NONCONFORM MV c90 §7",Other
700CMR5401B0: DOT WAY - FAIL KEEP RIGHT * 700 CMR §5.401(4),Other
"700CMR704A1: MASS PIKE - EZDRIVEMA SYSTEM/LANE, UNAUTH USE * 700 CMR §7.04(1)",Other
8510C0: MUNICIPAL BY-LAW VIOLATION c85 §10,Other
9017BC: RACING MOTOR VEHICLE BY JR OPERATOR/LEARNER * c90 §17B,Other
700CMR706H0: MASS PIKE - EXPLOSIVE WITHOUT PERMIT * 700 CMR §7.06(4)(k),Other
"94C34F0: DRUG, POSSESS CLASS C, SUBSQ.OFF. c94C §34",Drugs
9032CC0: LEASE MV LESSEE FAIL RETURN MV c90 §32C,Other
"700CMR709S0: MASS PIKE - LIQUOR, UNLAWFULLY TRANSPORT *  700 CMR §7.09(29)",Alcohol
"159A7G0: TRANSPORTATION NETWORK, DRIVER FAIL PROVIDE DRIVER ID TO LAW ENFORCEMENT, FIRST OFFENSE  c. 159A 1/2",Other
"94C34J0: HEROIN, POSSESS c94C §34",Drugs
"13834CB1: LIQUOR, PERSON UNDER 21 POSSESS, SUBSQ. c138 §34C",Alcohol
"159A7C0: TRANSPORTATION NETWORK, DRIVER PROVIDE DRIVER ID TO ANOTHER, THIRD OR SUBSQ OFFENSE c. 159A 1/2 § 7",Other
"907PD0: HEIGHT, MODIFY MV, 3RD OFFENSE c90 §7P",Other
"8510A0: ANIMAL OFFAL, VIOL BYLAW ON TRANSPORT * c85 §10",Other
"94C32DA1: DRUG, DISTRIBUTE CLASS E c94C §32D(a)",Drugs
"9024T0: REGISTRATION, FALSE STATEMNT IN APPL FOR c90 §24(2)(a)",Other Registration Violation
"26628D1: MOTOR VEH, MALICIOUS DAMAGE TO c266 §28(a)",Other
266126A1: VANDALIZE PROPERTY c266 §126A,Other
9024GA2: MOTOR VEH HOMICIDE BY NEGLIGENT OP c90 §24G(b),Death
"9024G7: OUI-DRUGS, 2ND OFFENSE c90 §24(1)(a)(1)",Drugs
9024LB3: OUI-DRUGS & SERIOUS INJURY & NEGLIGENT c90 §24L(1),Drugs
"9024I8: OUI-DRUGS, 4TH OFFENSE c90 §24(1)(a)(1)",Drugs
"9024DD1: OUI--DRUGS, 8TH OFFENSE c90 §24(1)(a)(1)",Drugs
"94C32AF1: DRUG, DISTRIBUTE CLASS B, SUBSQ.OFF. c94C §32A(b)",Drugs
"94C32CD2: DRUG, POSSESS TO DISTRIB CLASS D, SUBSQ. c94C §32C(b)",Drugs
"901BC0: MOPED OPERATION BY UNLIC -17, 3RD OFF. c90 §1B",Other
"94C32EE1: HEROIN/MORPHINE/OPIUM, TRAFFICKING IN 18 GRAMS OR MORE, LESS THAN 36 GRAMS c94C §32E(c)",Drugs
"90D32A0: TITLE, ALLOW UNAUTH POSSESSION/USE OF MV c90D §32(b)",Other
9024GD3: MOTOR VEH HOMICIDE OUI-DRUGS & NEGLIG c90 §24G(a),Death
9024LC3: OUI-DRUGS & SERIOUS INJURY & RECKLESS c90 §24L(1),Drugs
90B26BD0: SNOW/REC VEH - NEGLIGENT/RECKLESS OP & DEATH c90B §26B(e),Snow/Recreational Vehicle
"94C32CB2: DRUG, DISTRIBUTE CLASS D, SUBSQ.OFF. c94C §32C(b)",Drugs
"9024V7: OUI-LIQUOR OR .08%, 5TH OFFENSE c90 §24(1)(a)(1)",OUI
"9024U6: OUI--DRUGS, 5TH OFFENSE c90 §24(1)(a)(1)",Drugs
9024GB2: MOTOR VEH HOMICIDE BY RECKLESS OP c90 §24G(b),Death
"27016F1: TRASH, LITTER FROM MV, SUBSQ.OFF. c270 §16",Other
700CMR706D1: MASS PIKE - BRAKES VIOLATION * 700 CMR §7.06(4)(g),Other
9024LA3: OUI-DRUGS & SERIOUS INJURY c90 §24L(2),Drugs
8511EX0: BIKE TRAFFIC VIOL c85 §11E,Other
700CMR708F1: MASS PIKE - TANDEM GROSS WEIGHT VIOL * 700 CMR §7.08(4)&(5),Other
9024GE3: MOTOR VEH HOMICIDE OUI-DRUGS & RECKLESS c90 §24G(a),Death
"94C32AB0: COCAINE, DISTRIBUTE, SUBSQ.OFF. c94C §32A(d)",Drugs
"94C32EF1: HEROIN/MORPHINE/OPIUM, TRAFFICKING IN 36 GRAMS OR MORE, LESS THAN 100 GRAMS c94C §32E(c)",Drugs
"94C32EQ1: FENTANYL, TRAFFICKING IN MORE THAN 10 GRAMS c.94C, §32E(c½)",Other
"94C34L2: MARIJUANA +2 OZ, POSSESS OUTSIDE RESIDENCE c94C §34",Drugs
700CMR709AA0: MASS PIKE - NOISE VIOLATION *  700 CMR §7.09(21),Other
"94C32EH1: HEROIN/MORPHINE/OPIUM, TRAFFICKING IN 200 GRAMS OR MORE c94C §32E(c)",Drugs
"94C32BA1: DRUG, DISTRIBUTE CLASS C c94C §32B(a)",Drugs
720CMR908F1: STATE LIMITED ACCESS HWAY--PEDESTRIAN 720 CMR §9.08,Traffic Violation
"9024Y1: OUI--LIQUOR OR .08%, 7TH OFFENSE c90 §24(1)(a)(1)",OUI
6178HA3: SEX OFFENDER FAIL TO REGISTER c6 §178H(a)(1),Other Registration Violation
"901BB0: MOPED OPERATION BY UNLIC -17, 2ND OFF. c90 §1B",Other
"907PC0: HEIGHT, MODIFY MV, 2ND OFFENSE c90 §7P",Other
159A7J0: TRANSPORTATION NETWORK SOLICITATION BY OTHER MEANS c. 159A 1/2 § 7,Other
"9024X1: OUI--LIQUOR OR .08%, 6TH OFFENSE c90 §24(1)(a)(1)",OUI
"9024Z1: OUI--LIQUOR OR .08%, 8TH OFFENSE c90 §24(1)(a)(1)",OUI
"9032GB0: DRIVING INSTRUCTOR, UNLICENSED c90 §32G",No License
902B2: HANDICAP PARKING PLATE/PLACARD MISUSE * c90 §2,Other
"90B8CD3: BOAT OUI--LIQUOR OR .08%, 5TH OFFENSE c90B §8(a)",OUI
"90B8CA3: BOAT OUI--LIQUOR OR .08%, 2ND OFFENSE c90B §8(a)",OUI
700CMR709B0: MASS PIKE - COASTING VIOLATION *  700 CMR §7.09(16),Other
"140174FC0: ANIMAL CONFINED IN MV EXTREME HEAT OR COLD, THIRD OR SUBSQ OFF c140 §174F(a)",Other
"9024AA1: OUI--LIQUOR OR .08%, 9TH OFFENSE c90 §24(1)(a)(1)",OUI
"9017BB0: RACING MOTOR VEHICLE BY LICENSED OPERATOR, SUBSQ. OFF. c90 §17B",Other License Violation
"26628E1: MOTOR VEH, MALICIOUS DAMAGE TO,SUBSQ.OFF c266 §28(a)",Other
"9024VB0: CHILD ENDANGERMENT WHILE OUI, SUBSQ.OFF.  c90 §24V",OUI
"159A7D1: TRANSPORT NETWORK, DRIVER USE ID OF ANOTHER OR MISREPRESENT IDENTITY, FIRST OFF c.159A 1/2 § 7(b)",Other
94C32J4: DRUG VIOLATION NEAR SCHOOL/PARK c94C §32J,Drugs
"266114C0: GATE/FENCE, LEAVE OPEN c266 §114",Other
8515B0: LIGHTS VIOLATION BY NON-MOTOR VEHICLE c85 §15,Lights Violation
902F0: HANDICAP PARKING PLATE/PLACARD OBSTRUCTION * c90 §2,Other
"94C32AO0: PHENCYCLIDINE, POSSESS TO DISTRIB c94C §32A(d)",Other
"94C34K1: HEROIN, POSSESS, SUBSQ.OFF. c94C §34",Drugs
"9024BD0: RMV SIGNATURE, FORGE/MISUSE c90 §24B",Other
"94C32EJ0: MARIHUANA, TRAFFICKING IN 100 POUNDS OR MORE BUT LESS THAN 2,000 POUNDS c94C §32E(a)",Drugs
"94C34S0: MARIHUANA +1 OZ, POSSESS <21 YEARS OF AGE  c94C §34",Drugs
"9024BF0: RMV DOCUMENT, FORGE/MISUSE, INTENT TO DISTRIBUTE, FIVE OR FEWER c90 §24B",Other
"94C32AH1: DRUG, POSSESS TO DISTRIB CLASS B, SUBSQ. c94C §32A(b)",Drugs
700CMR706V0: MASS PIKE - SPECIAL FUEL WITHOUT PERMIT * 700 CMR §7.06(4)(l),Fuel
902H0: HANDICAP PARKING PLATE/PLACARD FAIL TO RETURN * c90 §2,Other
"94C32M1: JUVENILE SIMPLE POSS. OF MARIHUANA, FAIL TO ATTEND DRUG PROG. -18 c94C §32M",Drugs
"857B0: STATE HWAY--SNOW, PILE/PUSH/PLOW c85 §7B",Snow/Recreational Vehicle
"159A7G1: TRANSPORT NETWORK, DRIVER FAIL PROVIDE DRIVER ID TO LAW ENFORCEMENT, FIRST OFF c.159A 1/2 § 7(d)",Other
"94C32ED2: COCAINE, TRAFFICKING IN, 200 GRAMS OR MORE c94C §32E(b)",Drugs
"159A7J1: TRANSPORTATION NETWORK DRIVER SOLICIT, ACCEPT, ARRANGE, PROVIDE BY OTHER MEANS c. 159A 1/2 § 7(c)",Other
"94C34M2: MARIJUANA +2 OZ, POSSESS OUTSIDE RESIDENCE , SUBSQ. OFF. c94C §34",Drugs
90B26AC1: SNOW/REC VEH--OUI BY -21--DRUGS c90B §26A(b),Drugs
90B26AA1: SNOW/REC VEH--OUI BY +21--DRUGS c90B §26A(a),Drugs
"159A7A1: TRANSPORTATION NETWORK, DRIVER PROVIDE DRIVER ID TO ANOTHER , FIRST OFFENSE  c. 159A 1/2 § 7(b)",Other
"159A7B1: TRANSPORTATION NETWORK, DRIVER PROVIDE DRIVER ID TO ANOTHER , SECOND OFFENSE c. 159A 1/2 § 7(b)",Other
"94C32AK0: METHAMPHETAMINE, POSSESS TO DISTRIB c94C §32A(c)",Other
"159A7B0: TRANSPORTATION NETWORK, DRIVER  PROVIDE DRIVER ID TO ANOTHER , SECOND OFFENSE c. 159A 1/2 § 7",Other
"907DD0: PUPIL TRANSP SAFETY, FAIL TEACH, 2ND OFF c90 §7D",Child
"94C32ET0: METHAMPHETAMINE, TRAFFICKING IN  100 GRAMS OR MORE, LESS THAN 200 GRAMS  c94C §32E(b)",Other
9024GC3: MOTOR VEH HOMICIDE OUI-DRUGS c90 §24G(b),Death
"94C32EG1: HEROIN/MORPHINE/OPIUM, TRAFFICKING IN 100 GRAMS OR MORE, LESS THAN 200 GRAMS c94C §32E(c)",Drugs
"94C32IA1: DRUG PARAPHERNALIA, DISTRIBUTE c94C §32I(a)",Drugs
266126B1: TAGGING PROPERTY c266 §126B,Other
"90B8CB3: BOAT OUI--LIQUOR OR .08%, 3RD OFFENSE c90B §8(a)",OUI
"90B8CC3: BOAT OUI--LIQUOR OR .08%, 4TH OFFENSE c90B §8(a)",OUI
"9024UB0: IGNITION INTERLOCK FOR ANOTHER, BYPASS, SUBSQ. OFF. c90 §24U(a)(1)",Other
90B26I0: SNOW/REC VEH--UNDER 16½ CROSS HIGHWAY c90B §26,Snow/Recreational Vehicle
"94C32EU0: METHAMPHETAMINE, TRAFFICKING IN 200 GRAMS OR MORE  c94C §32E(b)",Other
"94C32BB1: DRUG, DISTRIBUTE CLASS C, SUBSQ.OFF. c94C §32B(b)",Drugs
"9024EE1: OUI--DRUGS, 9TH OFFENSE c90 §24(1)(a)(1)",Drugs
"9013BA0: ELECTRONIC DEVICE, USE WHILE OPERATING MV, 1ST OFFENSE* c90 §13B",Phone Use
"9013CD0: AMPHIBIOUS SIGHT-SEEING VEHICLE, OPERATE WHILE GUIDING, SUBSQ OFF   c. 90 §13C",Other
"9018AC0: PEDESTRIAN VIOLATION, 4TH OFFENSE c90 §18A",Traffic Violation
"700CMR1104B0: TOBIN BRIDGE - TOLL, USE DEVICE TO EVADE * 700 CMR §11.04(5)",Toll
"94C32EL0: MARIHUANA, TRAFFICKING IN 2000 POUNDS OR MORE BUT LESS THAN 10,00 POUNDS c94C §32E(a)",Drugs
"9013CA0: AMPHIBIOUS SIGHT-SEEING VEHICLE, OPERATE W/OUT SAFETY EQUIPMENT c. 90 §13C",Other
"907MA0: TIRES, SELL NONCONFORM RETREAD c90 §7M",Other
"9024CC1: OUI--DRUGS, 7TH OFFENSE c90 §24(1)(a)(1)",Drugs
"159A7L0: DRIVER OF TRANSPORT NETWORK, FAIL COMPLY WITH DECAL REQ  G.L. c. 159A1/2 § 2(b)  c. 159A 1/2 § 7(a)",Other
"159A7C1: TRANSPORTATION NETWORK, DRIVER PROVIDE DRIVER ID TO ANOTHER, 3RD OR SUBSQ OFFENSE c.159A 1/2 § 7(b)",Other
"907G0V2: BRAKE DRUMS, NONCONFORMING USED c90 §7G",Other
"159A7M0: DRIVER OF TRANSPORT NETWK, FAIL COMPLY WITH DRIVER CERT REQ OF G.L. c.159A1/2 § 4 c. 159A 1/2 § 7(a)",Other
"159A7O0: TRANSPORTATION NETWORK, DRIVER FAIL COMPLY WITH DECAL REQ  G.L. c.159A1/2 § 2(b)  c.159A 1/2 § 7(a)",Other
"159A7P0: TRANSPORTATION NETWO, DRIVER FAIL COMPLY WITH DRIVER CERT REQ OF G.L.c.159A1/2 § 4 c.159A 1/2 § 7(a)",Other
"907I0: EQUIPMENT, SELL NONCONFORM MV, 3RD OFF. c90 §7",Other
"902E0: EMISSIONS, ATT REGISTER MV WITH IMPROPER c90 §2",Other Registration Violation
"907H0: EQUIPMENT, SELL NONCONFORM MV, 2ND OFF. c90 §7",Other
"159A7I1: TRANSPORT NETWORK, DRIVER FAIL PROVIDE DRIVER ID TO LAW ENFORCE, 3RD OR SUBSQ OFF c. 159A 1/2 § 7(d)",Other
"9013BC0: ELECTRONIC DEVICE, USE WHILE OPERATING MV, 3RD OR SUBSQ OFFENSE* c90 §13B",Phone Use
"9013BB0: ELECTRONIC DEVICE, USE WHILE OPERATING MV, 2ND OFFENSE* c90 §13B",Phone Use
"159A7N0: DRIVER OF TRANSPORTATION NETWORK, FAIL COMPLY WITH INSUR REQ OF G.L. c.159A1/2 § 5 c.159A 1/2 § 7(a)",Uninsured
"159A7Q0: TRANSPORTATION NETWORK, DRIVER FAIL COMPLY WITH INSUR REQ OF G.L. c. 159A1/2 § 5 c. 159A 1/2 § 7(a)",Uninsured
720CMR908E1: STATE LIMITED ACCESS HWAY--HORSE 720 CMR §9.08,Other
"9013CC0: AMPHIBIOUS SIGHT-SEEING VEHICLE, OPERATE WHILE GUIDING  c. 90 §13C",Other
"266139B0: MOTOR VEH WITH DEFACED VIN, ATT TO SELL c266 §139(b)",Other
"9024BB1V2: OUI--DRUGS, 6TH OFFENSE c90 §24(1)(a)(1)",Drugs
902G0: HANDICAP PARKING PLATE/PLACARD FALSE STMT * c90 §2,Other
14067A0: USED CAR DEALER FAIL REMOVE PLATES c140 §67A,Other
"907W0: INSPECTION, UNLICENSED MV c90 §7W",Inspection
"909C0: TRUCK TIRE RIMS, IMPROP SERVICING OF c90 §9C",Other
"94C32ES0: METHAMPHETAMINE, TRAFFICKING IN  36 GRAMS OR MORE, LESS THAN 100 GRAMS  c94C §32E(b)",Other
"94C32DB1: DRUG, DISTRIBUTE CLASS E, SUBSQ.OFF. c94C §32D(b)",Drugs
"159A7E1: TRANSPORT NETWORK, DRIVER USE ID OF ANOTHER OR MISREPRESENT ID, SECOND OFFENSE c. 159A 1/2 § 7(b)",Other
907D12A0: VOC STUDENT TRANSPORT VIOLATION * c90 §7D½,Other
9032CB0: LEASE MV WITHOUT SEEING DRIVERS LICENSE c90 §32C,Other License Violation
"9024HB0: CRUSHING MACHINE, UNREGISTERED MV c90 §24H",No Registration
